Contig	Source	Type	Start	End	Score	Strand	Phase	ID	Name	ORF_id	gene_id	final_TX_ID	prime5.TR	Ref.prime3.TR	TX_category	Attributes
NC_001491.2	Tombacz_et_al	transcript	1613	1923	.	+	.	1	1	ORF1	ORF1	320	1613	1923	Putative mRNA	"Ref.prime3.TR=1923;prime5.TR=1613;final_TX_ID=320"
NC_001491.2	Tombacz_et_al	transcript	1629	1923	.	+	.	2	2	ORF1	ORF1	272	1629	1923	Putative mRNA	"Ref.prime3.TR=1923;prime5.TR=1629;final_TX_ID=272"
NC_001491.2	Tombacz_et_al	transcript	1918	2343	.	-	.	3	3	ORF2	ORF2	750	2343	1918	Putative mRNA	"Ref.prime3.TR=1918;prime5.TR=2343;final_TX_ID=750"
NC_001491.2	Tombacz_et_al	transcript	1918	2417	.	-	.	4	4	ORF2	ORF2	355	2417	1918	Putative mRNA	"Ref.prime3.TR=1918;prime5.TR=2417;final_TX_ID=355"
NC_001491.2	Tombacz_et_al	transcript	1918	2498	.	-	.	5	5	ORF2	ORF2	356	2498	1918	Putative mRNA	"Ref.prime3.TR=1918;prime5.TR=2498;final_TX_ID=356"
NC_001491.2	Tombacz_et_al	transcript	1918	2354	.	-	.	6	6	ORF2	ORF2	717	2354	1918	Putative mRNA	"Ref.prime3.TR=1918;prime5.TR=2354;final_TX_ID=717"
NC_001491.2	Tombacz_et_al	transcript	3043	3632	.	+	.	7	7	ORF3	ORF3	45	3043	3632	Putative mRNA	"Ref.prime3.TR=3632;prime5.TR=3043;final_TX_ID=45"
NC_001491.2	Tombacz_et_al	transcript	4391	5770	.	-	.	8	8	ORF5	ORF5	366	5770	4391	Putative mRNA	"Ref.prime3.TR=4391;prime5.TR=5770;final_TX_ID=366"
NC_001491.2	Tombacz_et_al	transcript	4391	5063	.	-	.	9	9	ORF5	ORF5	363	5063	4391	Putative mRNA	"Ref.prime3.TR=4391;prime5.TR=5063;final_TX_ID=363"
NC_001491.2	Tombacz_et_al	transcript	4391	5786	.	-	.	10	10	ORF5	ORF5	783	5786	4391	Putative mRNA	"Ref.prime3.TR=4391;prime5.TR=5786;final_TX_ID=783"
NC_001491.2	Tombacz_et_al	transcript	10444	11072	.	+	.	11	11	ORF8	ORF8	310	10444	11072	Putative mRNA	"Ref.prime3.TR=11072;prime5.TR=10444;final_TX_ID=310"
NC_001491.2	Tombacz_et_al	transcript	10458	11072	.	+	.	12	12	ORF8	ORF8	251	10458	11072	Putative mRNA	"Ref.prime3.TR=11072;prime5.TR=10458;final_TX_ID=251"
NC_001491.2	Tombacz_et_al	transcript	11062	11621	.	-	.	13	13	ORF9	ORF9	687	11621	11062	Putative mRNA	"Ref.prime3.TR=11062;prime5.TR=11621;final_TX_ID=687"
NC_001491.2	Tombacz_et_al	transcript	11062	11522	.	-	.	14	14	ORF9	ORF9	718	11522	11062	Putative mRNA	"Ref.prime3.TR=11062;prime5.TR=11522;final_TX_ID=718"
NC_001491.2	Tombacz_et_al	transcript	18093	20385	.	+	.	15	15	ORF14	ORF14	297	18093	20385	Putative mRNA	"Ref.prime3.TR=20385;prime5.TR=18093;final_TX_ID=297"
NC_001491.2	Tombacz_et_al	transcript	18151	20385	.	+	.	16	16	ORF14	ORF14	24	18151	20385	Putative mRNA	"Ref.prime3.TR=20385;prime5.TR=18151;final_TX_ID=24"
NC_001491.2	Tombacz_et_al	transcript	18370	20385	.	+	.	17	17	ORF14	ORF14	281	18370	20385	Putative mRNA	"Ref.prime3.TR=20385;prime5.TR=18370;final_TX_ID=281"
NC_001491.2	Tombacz_et_al	transcript	18487	20385	.	+	.	18	18	ORF14	ORF14	25	18487	20385	Putative mRNA	"Ref.prime3.TR=20385;prime5.TR=18487;final_TX_ID=25"
NC_001491.2	Tombacz_et_al	transcript	19091	20385	.	+	.	19	19	ORF14	ORF14	298	19091	20385	Putative mRNA	"Ref.prime3.TR=20385;prime5.TR=19091;final_TX_ID=298"
NC_001491.2	Tombacz_et_al	transcript	19152	20385	.	+	.	20	20	ORF14	ORF14	282	19152	20385	Putative mRNA	"Ref.prime3.TR=20385;prime5.TR=19152;final_TX_ID=282"
NC_001491.2	Tombacz_et_al	transcript	19224	20385	.	+	.	21	21	ORF14	ORF14	283	19224	20385	Putative mRNA	"Ref.prime3.TR=20385;prime5.TR=19224;final_TX_ID=283"
NC_001491.2	Tombacz_et_al	transcript	19287	20385	.	+	.	22	22	ORF14	ORF14	28	19287	20385	Putative mRNA	"Ref.prime3.TR=20385;prime5.TR=19287;final_TX_ID=28"
NC_001491.2	Tombacz_et_al	transcript	19331	20385	.	+	.	23	23	ORF14	ORF14	29	19331	20385	Putative mRNA	"Ref.prime3.TR=20385;prime5.TR=19331;final_TX_ID=29"
NC_001491.2	Tombacz_et_al	transcript	19579	20385	.	+	.	24	24	ORF14	ORF14	31	19579	20385	Putative mRNA	"Ref.prime3.TR=20385;prime5.TR=19579;final_TX_ID=31"
NC_001491.2	Tombacz_et_al	transcript	19640	20385	.	+	.	25	25	ORF14	ORF14	32	19640	20385	Putative mRNA	"Ref.prime3.TR=20385;prime5.TR=19640;final_TX_ID=32"
NC_001491.2	Tombacz_et_al	transcript	19675	20385	.	+	.	26	26	ORF14	ORF14	34	19675	20385	Putative mRNA	"Ref.prime3.TR=20385;prime5.TR=19675;final_TX_ID=34"
NC_001491.2	Tombacz_et_al	transcript	19745	20385	.	+	.	27	27	ORF14	ORF14	349	19745	20385	Putative mRNA	"Ref.prime3.TR=20385;prime5.TR=19745;final_TX_ID=349"
NC_001491.2	Tombacz_et_al	transcript	19795	20385	.	+	.	28	28	ORF14	ORF14	35	19795	20385	Putative mRNA	"Ref.prime3.TR=20385;prime5.TR=19795;final_TX_ID=35"
NC_001491.2	Tombacz_et_al	transcript	19886	20385	.	+	.	29	29	ORF14	ORF14	36	19886	20385	Putative mRNA	"Ref.prime3.TR=20385;prime5.TR=19886;final_TX_ID=36"
NC_001491.2	Tombacz_et_al	transcript	19907	20385	.	+	.	30	30	ORF14	ORF14	339	19907	20385	Putative mRNA	"Ref.prime3.TR=20385;prime5.TR=19907;final_TX_ID=339"
NC_001491.2	Tombacz_et_al	transcript	24413	25679	.	-	.	31	31	ORF18	ORF18	746	25679	24413	Putative mRNA	"Ref.prime3.TR=24413;prime5.TR=25679;final_TX_ID=746"
NC_001491.2	Tombacz_et_al	transcript	24413	25666	.	-	.	32	32	ORF18	ORF18	384	25666	24413	Putative mRNA	"Ref.prime3.TR=24413;prime5.TR=25666;final_TX_ID=384"
NC_001491.2	Tombacz_et_al	transcript	24413	25077	.	-	.	33	33	ORF18	ORF18	732	25077	24413	Putative mRNA	"Ref.prime3.TR=24413;prime5.TR=25077;final_TX_ID=732"
NC_001491.2	Tombacz_et_al	transcript	26566	27784	.	+	.	34	34	ORF19	ORF19	40	26566	27784	Putative mRNA	"Ref.prime3.TR=27784;prime5.TR=26566;final_TX_ID=40"
NC_001491.2	Tombacz_et_al	transcript	27258	27784	.	+	.	35	35	ORF19	ORF19	42	27258	27784	Putative mRNA	"Ref.prime3.TR=27784;prime5.TR=27258;final_TX_ID=42"
NC_001491.2	Tombacz_et_al	transcript	27868	28242	.	-	.	36	36	ORF20	ORF20	385	28242	27868	Putative mRNA	"Ref.prime3.TR=27868;prime5.TR=28242;final_TX_ID=385"
NC_001491.2	Tombacz_et_al	transcript	27868	28808	.	-	.	37	37	ORF20	ORF20	389	28808	27868	Putative mRNA	"Ref.prime3.TR=27868;prime5.TR=28808;final_TX_ID=389"
NC_001491.2	Tombacz_et_al	transcript	27868	28513	.	-	.	38	38	ORF20	ORF20	781	28513	27868	Putative mRNA	"Ref.prime3.TR=27868;prime5.TR=28513;final_TX_ID=781"
NC_001491.2	Tombacz_et_al	transcript	31489	32227	.	-	.	39	39	ORF22	ORF22	408	32227	31489	Putative mRNA	"Ref.prime3.TR=31489;prime5.TR=32227;final_TX_ID=408"
NC_001491.2	Tombacz_et_al	transcript	31489	32681	.	-	.	40	40	ORF22	ORF22	410	32681	31489	Putative mRNA	"Ref.prime3.TR=31489;prime5.TR=32681;final_TX_ID=410"
NC_001491.2	Tombacz_et_al	transcript	35191	36380	.	+	.	41	41	ORF23	ORF23	329	35191	36380	Putative mRNA	"Ref.prime3.TR=36380;prime5.TR=35191;final_TX_ID=329"
NC_001491.2	Tombacz_et_al	transcript	35467	36380	.	+	.	42	42	ORF23	ORF23	324	35467	36380	Putative mRNA	"Ref.prime3.TR=36380;prime5.TR=35467;final_TX_ID=324"
NC_001491.2	Tombacz_et_al	transcript	35755	36380	.	+	.	43	43	ORF23	ORF23	52	35755	36380	Putative mRNA	"Ref.prime3.TR=36380;prime5.TR=35755;final_TX_ID=52"
NC_001491.2	Tombacz_et_al	transcript	35897	36380	.	+	.	44	44	ORF23	ORF23	344	35897	36380	Putative mRNA	"Ref.prime3.TR=36380;prime5.TR=35897;final_TX_ID=344"
NC_001491.2	Tombacz_et_al	transcript	36080	36380	.	+	.	45	45	ORF23	ORF23	53	36080	36380	Putative mRNA	"Ref.prime3.TR=36380;prime5.TR=36080;final_TX_ID=53"
NC_001491.2	Tombacz_et_al	transcript	45786	46890	.	+	.	46	46	ORF24	ORF24	285	45786	46890	Putative mRNA	"Ref.prime3.TR=46890;prime5.TR=45786;final_TX_ID=285"
NC_001491.2	Tombacz_et_al	transcript	45839	46890	.	+	.	47	47	ORF24	ORF24	56	45839	46890	Putative mRNA	"Ref.prime3.TR=46890;prime5.TR=45839;final_TX_ID=56"
NC_001491.2	Tombacz_et_al	transcript	46895	47279	.	-	.	48	48	ORF25	ORF25	739	47279	46895	Putative mRNA	"Ref.prime3.TR=46895;prime5.TR=47279;final_TX_ID=739"
NC_001491.2	Tombacz_et_al	transcript	46895	47136	.	-	.	49	49	ORF25	ORF25	765	47136	46895	Putative mRNA	"Ref.prime3.TR=46895;prime5.TR=47136;final_TX_ID=765"
NC_001491.2	Tombacz_et_al	transcript	50748	51693	.	+	.	50	50	ORF29	ORF29	61	50748	51693	Putative mRNA	"Ref.prime3.TR=51693;prime5.TR=50748;final_TX_ID=61"
NC_001491.2	Tombacz_et_al	transcript	51148	51693	.	+	.	51	51	ORF29	ORF29	63	51148	51693	Putative mRNA	"Ref.prime3.TR=51693;prime5.TR=51148;final_TX_ID=63"
NC_001491.2	Tombacz_et_al	transcript	51486	55172	.	-	.	52	52	ORF30	ORF30	434	55172	51486	Putative mRNA	"Ref.prime3.TR=51486;prime5.TR=55172;final_TX_ID=434"
NC_001491.2	Tombacz_et_al	transcript	51486	52403	.	-	.	53	53	ORF30	ORF30	433	52403	51486	Putative mRNA	"Ref.prime3.TR=51486;prime5.TR=52403;final_TX_ID=433"
NC_001491.2	Tombacz_et_al	transcript	56316	59182	.	+	.	54	54	ORF31	ORF31	247	56316	59182	Putative mRNA	"Ref.prime3.TR=59182;prime5.TR=56316;final_TX_ID=247"
NC_001491.2	Tombacz_et_al	transcript	56326	59182	.	+	.	55	55	ORF31	ORF31	73	56326	59182	Putative mRNA	"Ref.prime3.TR=59182;prime5.TR=56326;final_TX_ID=73"
NC_001491.2	Tombacz_et_al	transcript	56757	59182	.	+	.	56	56	ORF31	ORF31	76	56757	59182	Putative mRNA	"Ref.prime3.TR=59182;prime5.TR=56757;final_TX_ID=76"
NC_001491.2	Tombacz_et_al	transcript	58023	59182	.	+	.	57	57	ORF31	ORF31	78	58023	59182	Putative mRNA	"Ref.prime3.TR=59182;prime5.TR=58023;final_TX_ID=78"
NC_001491.2	Tombacz_et_al	transcript	58487	59182	.	+	.	58	58	ORF31	ORF31	79	58487	59182	Putative mRNA	"Ref.prime3.TR=59182;prime5.TR=58487;final_TX_ID=79"
NC_001491.2	Tombacz_et_al	transcript	58635	59182	.	+	.	59	59	ORF31	ORF31	81	58635	59182	Putative mRNA	"Ref.prime3.TR=59182;prime5.TR=58635;final_TX_ID=81"
NC_001491.2	Tombacz_et_al	transcript	64580	65093	.	+	.	60	60	ORF34	ORF34	341	64580	65093	Putative mRNA	"Ref.prime3.TR=65093;prime5.TR=64580;final_TX_ID=341"
NC_001491.2	Tombacz_et_al	transcript	64629	65093	.	+	.	61	61	ORF34	ORF34	309	64629	65093	Putative mRNA	"Ref.prime3.TR=65093;prime5.TR=64629;final_TX_ID=309"
NC_001491.2	Tombacz_et_al	transcript	64740	65093	.	+	.	62	62	ORF34	ORF34	345	64740	65093	Putative mRNA	"Ref.prime3.TR=65093;prime5.TR=64740;final_TX_ID=345"
NC_001491.2	Tombacz_et_al	transcript	65089	66123	.	-	.	63	63	ORF35.5	ORF35.5	447	66123	65089	Putative mRNA	"Ref.prime3.TR=65089;prime5.TR=66123;final_TX_ID=447"
NC_001491.2	Tombacz_et_al	transcript	65089	66027	.	-	.	64	64	ORF35.5	ORF35.5	697	66027	65089	Putative mRNA	"Ref.prime3.TR=65089;prime5.TR=66027;final_TX_ID=697"
NC_001491.2	Tombacz_et_al	transcript	65089	66140	.	-	.	65	65	ORF35.5	ORF35.5	698	66140	65089	Putative mRNA	"Ref.prime3.TR=65089;prime5.TR=66140;final_TX_ID=698"
NC_001491.2	Tombacz_et_al	transcript	65089	65942	.	-	.	66	66	ORF35.5	ORF35.5	755	65942	65089	Putative mRNA	"Ref.prime3.TR=65089;prime5.TR=65942;final_TX_ID=755"
NC_001491.2	Tombacz_et_al	transcript	65089	65535	.	-	.	67	67	ORF35.5	ORF35.5	773	65535	65089	Putative mRNA	"Ref.prime3.TR=65089;prime5.TR=65535;final_TX_ID=773"
NC_001491.2	Tombacz_et_al	transcript	67167	68471	.	-	.	68	68	ORF36	ORF36	453	68471	67167	Putative mRNA	"Ref.prime3.TR=67167;prime5.TR=68471;final_TX_ID=453"
NC_001491.2	Tombacz_et_al	transcript	67167	67893	.	-	.	69	69	ORF36	ORF36	721	67893	67167	Putative mRNA	"Ref.prime3.TR=67167;prime5.TR=67893;final_TX_ID=721"
NC_001491.2	Tombacz_et_al	transcript	70249	71034	.	+	.	70	70	ORF38	ORF38	96	70249	71034	Putative mRNA	"Ref.prime3.TR=71034;prime5.TR=70249;final_TX_ID=96"
NC_001491.2	Tombacz_et_al	transcript	73834	74017	.	-	.	71	71	CTO-S-Short-5	CTO	464	74017	73834	Non-coding-short	"Ref.prime3.TR=73834;prime5.TR=74017;final_TX_ID=464"
NC_001491.2	Tombacz_et_al	transcript	73834	74049	.	-	.	72	72	CTO-S-Short-4	CTO	465	74049	73834	Non-coding-short	"Ref.prime3.TR=73834;prime5.TR=74049;final_TX_ID=465"
NC_001491.2	Tombacz_et_al	transcript	73834	74113	.	-	.	73	73	CTO-S-Short-3	CTO	701	74113	73834	Non-coding-short	"Ref.prime3.TR=73834;prime5.TR=74113;final_TX_ID=701"
NC_001491.2	Tombacz_et_al	transcript	73834	74145	.	-	.	74	74	CTO-S-Short-2	CTO	467	74145	73834	Non-coding-short	"Ref.prime3.TR=73834;prime5.TR=74145;final_TX_ID=467"
NC_001491.2	Tombacz_et_al	transcript	73834	74171	.	-	.	75	75	CTO-S-Short-1	CTO	779	74171	73834	Non-coding-short	"Ref.prime3.TR=73834;prime5.TR=74171;final_TX_ID=779"
NC_001491.2	Tombacz_et_al	transcript	74614	75173	.	-	.	76	76	ORF40	ORF40	504	75173	74614	Putative mRNA	"Ref.prime3.TR=74614;prime5.TR=75173;final_TX_ID=504"
NC_001491.2	Tombacz_et_al	transcript	78089	81894	.	+	.	77	77	ORF42	ORF42	107	78089	81894	Putative mRNA	"Ref.prime3.TR=81894;prime5.TR=78089;final_TX_ID=107"
NC_001491.2	Tombacz_et_al	transcript	78779	81894	.	+	.	78	78	ORF42	ORF42	255	78779	81894	Putative mRNA	"Ref.prime3.TR=81894;prime5.TR=78779;final_TX_ID=255"
NC_001491.2	Tombacz_et_al	transcript	78932	81894	.	+	.	79	79	ORF42	ORF42	257	78932	81894	Putative mRNA	"Ref.prime3.TR=81894;prime5.TR=78932;final_TX_ID=257"
NC_001491.2	Tombacz_et_al	transcript	79076	81894	.	+	.	80	80	ORF42	ORF42	131	79076	81894	Putative mRNA	"Ref.prime3.TR=81894;prime5.TR=79076;final_TX_ID=131"
NC_001491.2	Tombacz_et_al	transcript	79609	81894	.	+	.	81	81	ORF42	ORF42	259	79609	81894	Putative mRNA	"Ref.prime3.TR=81894;prime5.TR=79609;final_TX_ID=259"
NC_001491.2	Tombacz_et_al	transcript	79636	81894	.	+	.	82	82	ORF42	ORF42	139	79636	81894	Putative mRNA	"Ref.prime3.TR=81894;prime5.TR=79636;final_TX_ID=139"
NC_001491.2	Tombacz_et_al	transcript	79748	81894	.	+	.	83	83	ORF42	ORF42	144	79748	81894	Putative mRNA	"Ref.prime3.TR=81894;prime5.TR=79748;final_TX_ID=144"
NC_001491.2	Tombacz_et_al	transcript	79808	81894	.	+	.	84	84	ORF42	ORF42	260	79808	81894	Putative mRNA	"Ref.prime3.TR=81894;prime5.TR=79808;final_TX_ID=260"
NC_001491.2	Tombacz_et_al	transcript	79957	81894	.	+	.	85	85	ORF42	ORF42	146	79957	81894	Putative mRNA	"Ref.prime3.TR=81894;prime5.TR=79957;final_TX_ID=146"
NC_001491.2	Tombacz_et_al	transcript	79972	81894	.	+	.	86	86	ORF42	ORF42	147	79972	81894	Putative mRNA	"Ref.prime3.TR=81894;prime5.TR=79972;final_TX_ID=147"
NC_001491.2	Tombacz_et_al	transcript	80198	81894	.	+	.	87	87	ORF42	ORF42	150	80198	81894	Putative mRNA	"Ref.prime3.TR=81894;prime5.TR=80198;final_TX_ID=150"
NC_001491.2	Tombacz_et_al	transcript	80354	81894	.	+	.	88	88	ORF42	ORF42	153	80354	81894	Putative mRNA	"Ref.prime3.TR=81894;prime5.TR=80354;final_TX_ID=153"
NC_001491.2	Tombacz_et_al	transcript	80615	81894	.	+	.	89	89	ORF42	ORF42	155	80615	81894	Putative mRNA	"Ref.prime3.TR=81894;prime5.TR=80615;final_TX_ID=155"
NC_001491.2	Tombacz_et_al	transcript	80709	81894	.	+	.	90	90	ORF42	ORF42	314	80709	81894	Putative mRNA	"Ref.prime3.TR=81894;prime5.TR=80709;final_TX_ID=314"
NC_001491.2	Tombacz_et_al	transcript	80964	81894	.	+	.	91	91	ORF42	ORF42	336	80964	81894	Putative mRNA	"Ref.prime3.TR=81894;prime5.TR=80964;final_TX_ID=336"
NC_001491.2	Tombacz_et_al	transcript	81077	81894	.	+	.	92	92	ORF42	ORF42	326	81077	81894	Putative mRNA	"Ref.prime3.TR=81894;prime5.TR=81077;final_TX_ID=326"
NC_001491.2	Tombacz_et_al	transcript	81304	81892	.	+	.	93	93	ORF42	ORF42	311	81304	81892	Putative mRNA	"Ref.prime3.TR=81892;prime5.TR=81304;final_TX_ID=311"
NC_001491.2	Tombacz_et_al	transcript	81304	81894	.	+	.	94	94	ORF42	ORF42	303	81304	81894	Putative mRNA	"Ref.prime3.TR=81894;prime5.TR=81304;final_TX_ID=303"
NC_001491.2	Tombacz_et_al	transcript	81328	81894	.	+	.	95	95	ORF42	ORF42	315	81328	81894	Putative mRNA	"Ref.prime3.TR=81894;prime5.TR=81328;final_TX_ID=315"
NC_001491.2	Tombacz_et_al	transcript	81499	81892	.	+	.	96	96	ORF42	ORF42	327	81499	81892	Putative mRNA	"Ref.prime3.TR=81892;prime5.TR=81499;final_TX_ID=327"
NC_001491.2	Tombacz_et_al	transcript	81499	81894	.	+	.	97	97	ORF42	ORF42	338	81499	81894	Putative mRNA	"Ref.prime3.TR=81894;prime5.TR=81499;final_TX_ID=338"
NC_001491.2	Tombacz_et_al	transcript	87562	87824	.	+	.	98	98	nc-ORF46	ORF46	165	87562	87824	Non-coding	"Ref.prime3.TR=87824;prime5.TR=87562;final_TX_ID=165"
NC_001491.2	Tombacz_et_al	transcript	93031	94227	.	-	.	99	99	ORF52	ORF52	520	94227	93031	Putative mRNA	"Ref.prime3.TR=93031;prime5.TR=94227;final_TX_ID=520"
NC_001491.2	Tombacz_et_al	transcript	93031	94097	.	-	.	100	100	ORF52	ORF52	722	94097	93031	Putative mRNA	"Ref.prime3.TR=93031;prime5.TR=94097;final_TX_ID=722"
NC_001491.2	Tombacz_et_al	transcript	93031	93242	.	-	.	101	101	nc-ORF52	ORF52	770	93242	93031	Non-coding	"Ref.prime3.TR=93031;prime5.TR=93242;final_TX_ID=770"
NC_001491.2	Tombacz_et_al	transcript	93031	93295	.	-	.	102	102	ORF52	ORF52	784	93295	93031	Putative mRNA	"Ref.prime3.TR=93031;prime5.TR=93295;final_TX_ID=784"
NC_001491.2	Tombacz_et_al	transcript	105829	106232	.	-	.	103	103	ORF59	ORF59	774	106232	105829	Putative mRNA	"Ref.prime3.TR=105829;prime5.TR=106232;final_TX_ID=774"
NC_001491.2	Tombacz_et_al	transcript	105829	105968	.	-	.	104	104	nc-ORF59	ORF59	527	105968	105829	Non-coding	"Ref.prime3.TR=105829;prime5.TR=105968;final_TX_ID=527"
NC_001491.2	Tombacz_et_al	transcript	105829	106204	.	-	.	105	105	ORF59	ORF59	707	106204	105829	Putative mRNA	"Ref.prime3.TR=105829;prime5.TR=106204;final_TX_ID=707"
NC_001491.2	Tombacz_et_al	transcript	105829	106278	.	-	.	106	106	ORF59	ORF59	708	106278	105829	Putative mRNA	"Ref.prime3.TR=105829;prime5.TR=106278;final_TX_ID=708"
NC_001491.2	Tombacz_et_al	transcript	105829	106346	.	-	.	107	107	ORF59	ORF59	763	106346	105829	Putative mRNA	"Ref.prime3.TR=105829;prime5.TR=106346;final_TX_ID=763"
NC_001491.2	Tombacz_et_al	transcript	105829	106303	.	-	.	108	108	ORF59	ORF59	771	106303	105829	Putative mRNA	"Ref.prime3.TR=105829;prime5.TR=106303;final_TX_ID=771"
NC_001491.2	Tombacz_et_al	transcript	105829	106142	.	-	.	109	109	ORF59	ORF59	782	106142	105829	Putative mRNA	"Ref.prime3.TR=105829;prime5.TR=106142;final_TX_ID=782"
NC_001491.2	Tombacz_et_al	transcript	110319	111620	.	-	.	110	110	ORF63	ORF63	584	111620	110319	Putative mRNA	"Ref.prime3.TR=110319;prime5.TR=111620;final_TX_ID=584"
NC_001491.2	Tombacz_et_al	transcript	110319	111634	.	-	.	111	111	ORF63	ORF63	585	111634	110319	Putative mRNA	"Ref.prime3.TR=110319;prime5.TR=111634;final_TX_ID=585"
NC_001491.2	Tombacz_et_al	transcript	110319	111661	.	-	.	112	112	ORF63	ORF63	586	111661	110319	Putative mRNA	"Ref.prime3.TR=110319;prime5.TR=111661;final_TX_ID=586"
NC_001491.2	Tombacz_et_al	transcript	121617	122451	.	+	.	113	113	ORF65	ORF65	340	121617	122451	Putative mRNA	"Ref.prime3.TR=122451;prime5.TR=121617;final_TX_ID=340"
NC_001491.2	Tombacz_et_al	transcript	121687	122451	.	+	.	114	114	ORF65	ORF65	201	121687	122451	Putative mRNA	"Ref.prime3.TR=122451;prime5.TR=121687;final_TX_ID=201"
NC_001491.2	Tombacz_et_al	transcript	121769	122451	.	+	.	115	115	nc-ORF65	ORF65	269	121769	122451	Non-coding	"Ref.prime3.TR=122451;prime5.TR=121769;final_TX_ID=269"
NC_001491.2	Tombacz_et_al	transcript	121801	122451	.	+	.	116	116	nc-ORF65	ORF65	304	121801	122451	Non-coding	"Ref.prime3.TR=122451;prime5.TR=121801;final_TX_ID=304"
NC_001491.2	Tombacz_et_al	transcript	121887	122451	.	+	.	117	117	nc-ORF65	ORF65	203	121887	122451	Non-coding	"Ref.prime3.TR=122451;prime5.TR=121887;final_TX_ID=203"
NC_001491.2	Tombacz_et_al	transcript	121953	122451	.	+	.	118	118	nc-ORF65	ORF65	204	121953	122451	Non-coding	"Ref.prime3.TR=122451;prime5.TR=121953;final_TX_ID=204"
NC_001491.2	Tombacz_et_al	transcript	121973	122451	.	+	.	119	119	nc-ORF65	ORF65	205	121973	122451	Non-coding	"Ref.prime3.TR=122451;prime5.TR=121973;final_TX_ID=205"
NC_001491.2	Tombacz_et_al	transcript	122010	122451	.	+	.	120	120	nc-ORF65	ORF65	270	122010	122451	Non-coding	"Ref.prime3.TR=122451;prime5.TR=122010;final_TX_ID=270"
NC_001491.2	Tombacz_et_al	transcript	122047	122451	.	+	.	121	121	nc-ORF65	ORF65	206	122047	122451	Non-coding	"Ref.prime3.TR=122451;prime5.TR=122047;final_TX_ID=206"
NC_001491.2	Tombacz_et_al	transcript	122078	122451	.	+	.	122	122	nc-ORF65	ORF65	207	122078	122451	Non-coding	"Ref.prime3.TR=122451;prime5.TR=122078;final_TX_ID=207"
NC_001491.2	Tombacz_et_al	transcript	122127	122451	.	+	.	123	123	nc-ORF65	ORF65	208	122127	122451	Non-coding	"Ref.prime3.TR=122451;prime5.TR=122127;final_TX_ID=208"
NC_001491.2	Tombacz_et_al	transcript	122214	122451	.	+	.	124	124	nc-ORF65	ORF65	209	122214	122451	Non-coding	"Ref.prime3.TR=122451;prime5.TR=122214;final_TX_ID=209"
NC_001491.2	Tombacz_et_al	transcript	122245	122451	.	+	.	125	125	nc-ORF65	ORF65	337	122245	122451	Non-coding	"Ref.prime3.TR=122451;prime5.TR=122245;final_TX_ID=337"
NC_001491.2	Tombacz_et_al	transcript	124283	124631	.	-	.	126	126	ORF67	ORF67	760	124631	124283	Putative mRNA	"Ref.prime3.TR=124283;prime5.TR=124631;final_TX_ID=760"
NC_001491.2	Tombacz_et_al	transcript	124283	124906	.	-	.	127	127	ORF67	ORF67	749	124906	124283	Putative mRNA	"Ref.prime3.TR=124283;prime5.TR=124906;final_TX_ID=749"
NC_001491.2	Tombacz_et_al	transcript	124283	124594	.	-	.	128	128	ORF67	ORF67	723	124594	124283	Putative mRNA	"Ref.prime3.TR=124283;prime5.TR=124594;final_TX_ID=723"
NC_001491.2	Tombacz_et_al	transcript	124283	124742	.	-	.	129	129	ORF67	ORF67	724	124742	124283	Putative mRNA	"Ref.prime3.TR=124283;prime5.TR=124742;final_TX_ID=724"
NC_001491.2	Tombacz_et_al	transcript	124283	124786	.	-	.	130	130	ORF67	ORF67	725	124786	124283	Putative mRNA	"Ref.prime3.TR=124283;prime5.TR=124786;final_TX_ID=725"
NC_001491.2	Tombacz_et_al	transcript	124283	124944	.	-	.	131	131	ORF67	ORF67	726	124944	124283	Putative mRNA	"Ref.prime3.TR=124283;prime5.TR=124944;final_TX_ID=726"
NC_001491.2	Tombacz_et_al	transcript	124283	125062	.	-	.	132	132	ORF67	ORF67	727	125062	124283	Putative mRNA	"Ref.prime3.TR=124283;prime5.TR=125062;final_TX_ID=727"
NC_001491.2	Tombacz_et_al	transcript	124283	124852	.	-	.	133	133	ORF67	ORF67	744	124852	124283	Putative mRNA	"Ref.prime3.TR=124283;prime5.TR=124852;final_TX_ID=744"
NC_001491.2	Tombacz_et_al	transcript	124283	124985	.	-	.	134	134	ORF67	ORF67	745	124985	124283	Putative mRNA	"Ref.prime3.TR=124283;prime5.TR=124985;final_TX_ID=745"
NC_001491.2	Tombacz_et_al	transcript	124283	124678	.	-	.	135	135	ORF67	ORF67	777	124678	124283	Putative mRNA	"Ref.prime3.TR=124283;prime5.TR=124678;final_TX_ID=777"
NC_001491.2	Tombacz_et_al	transcript	127926	128944	.	+	.	136	136	ORF70	ORF70	216	127926	128944	Putative mRNA	"Ref.prime3.TR=128944;prime5.TR=127926;final_TX_ID=216"
NC_001491.2	Tombacz_et_al	transcript	132988	134249	.	+	.	137	137	ORF73	ORF73	224	132988	134249	Putative mRNA	"Ref.prime3.TR=134249;prime5.TR=132988;final_TX_ID=224"
NC_001491.2	Tombacz_et_al	transcript	133013	134249	.	+	.	138	138	ORF73	ORF73	225	133013	134249	Putative mRNA	"Ref.prime3.TR=134249;prime5.TR=133013;final_TX_ID=225"
NC_001491.2	Tombacz_et_al	transcript	133322	134249	.	+	.	139	139	ORF73	ORF73	226	133322	134249	Putative mRNA	"Ref.prime3.TR=134249;prime5.TR=133322;final_TX_ID=226"
NC_001491.2	Tombacz_et_al	transcript	133335	134249	.	+	.	140	140	ORF73	ORF73	227	133335	134249	Putative mRNA	"Ref.prime3.TR=134249;prime5.TR=133335;final_TX_ID=227"
NC_001491.2	Tombacz_et_al	transcript	133698	134249	.	+	.	141	141	ORF73	ORF73	229	133698	134249	Putative mRNA	"Ref.prime3.TR=134249;prime5.TR=133698;final_TX_ID=229"
NC_001491.2	Tombacz_et_al	transcript	133839	134249	.	+	.	142	142	ORF73	ORF73	316	133839	134249	Putative mRNA	"Ref.prime3.TR=134249;prime5.TR=133839;final_TX_ID=316"
NC_001491.2	Tombacz_et_al	transcript	136088	136464	.	+	.	143	143	ORF75	ORF75	276	136088	136464	Putative mRNA	"Ref.prime3.TR=136464;prime5.TR=136088;final_TX_ID=276"
NC_001491.2	Tombacz_et_al	transcript	138098	138877	.	+	.	144	144	ORF67.1	ORF67	277	138098	138877	Putative mRNA	"Ref.prime3.TR=138877;prime5.TR=138098;final_TX_ID=277"
NC_001491.2	Tombacz_et_al	transcript	138175	138877	.	+	.	145	145	ORF67.1	ORF67	6	138175	138877	Putative mRNA	"Ref.prime3.TR=138877;prime5.TR=138175;final_TX_ID=6"
NC_001491.2	Tombacz_et_al	transcript	138216	138877	.	+	.	146	146	ORF67.1	ORF67	7	138216	138877	Putative mRNA	"Ref.prime3.TR=138877;prime5.TR=138216;final_TX_ID=7"
NC_001491.2	Tombacz_et_al	transcript	138254	138877	.	+	.	147	147	ORF67.1	ORF67	317	138254	138877	Putative mRNA	"Ref.prime3.TR=138877;prime5.TR=138254;final_TX_ID=317"
NC_001491.2	Tombacz_et_al	transcript	138290	138877	.	+	.	148	148	ORF67.1	ORF67	307	138290	138877	Putative mRNA	"Ref.prime3.TR=138877;prime5.TR=138290;final_TX_ID=307"
NC_001491.2	Tombacz_et_al	transcript	138308	138877	.	+	.	149	149	ORF67.1	ORF67	351	138308	138877	Putative mRNA	"Ref.prime3.TR=138877;prime5.TR=138308;final_TX_ID=351"
NC_001491.2	Tombacz_et_al	transcript	138374	138877	.	+	.	150	150	ORF67.1	ORF67	8	138374	138877	Putative mRNA	"Ref.prime3.TR=138877;prime5.TR=138374;final_TX_ID=8"
NC_001491.2	Tombacz_et_al	transcript	138418	138877	.	+	.	151	151	ORF67.1	ORF67	278	138418	138877	Putative mRNA	"Ref.prime3.TR=138877;prime5.TR=138418;final_TX_ID=278"
NC_001491.2	Tombacz_et_al	transcript	138482	138877	.	+	.	152	152	ORF67.1	ORF67	243	138482	138877	Putative mRNA	"Ref.prime3.TR=138877;prime5.TR=138482;final_TX_ID=243"
NC_001491.2	Tombacz_et_al	transcript	138529	138877	.	+	.	153	153	ORF67.1	ORF67	335	138529	138877	Putative mRNA	"Ref.prime3.TR=138877;prime5.TR=138529;final_TX_ID=335"
NC_001491.2	Tombacz_et_al	transcript	138566	138877	.	+	.	154	154	ORF67.1	ORF67	279	138566	138877	Putative mRNA	"Ref.prime3.TR=138877;prime5.TR=138566;final_TX_ID=279"
NC_001491.2	Tombacz_et_al	transcript	140709	140946	.	-	.	155	155	nc-ORF65.1	ORF65	639	140946	140709	Non-coding	"Ref.prime3.TR=140709;prime5.TR=140946;final_TX_ID=639"
NC_001491.2	Tombacz_et_al	transcript	140709	141063	.	-	.	156	156	nc-ORF65.1	ORF65	644	141063	140709	Non-coding	"Ref.prime3.TR=140709;prime5.TR=141063;final_TX_ID=644"
NC_001491.2	Tombacz_et_al	transcript	140709	141113	.	-	.	157	157	nc-ORF65.1	ORF65	646	141113	140709	Non-coding	"Ref.prime3.TR=140709;prime5.TR=141113;final_TX_ID=646"
NC_001491.2	Tombacz_et_al	transcript	140709	141207	.	-	.	158	158	nc-ORF65.1	ORF65	648	141207	140709	Non-coding	"Ref.prime3.TR=140709;prime5.TR=141207;final_TX_ID=648"
NC_001491.2	Tombacz_et_al	transcript	140709	141473	.	-	.	159	159	ORF65.1	ORF65	677	141473	140709	Putative mRNA	"Ref.prime3.TR=140709;prime5.TR=141473;final_TX_ID=677"
NC_001491.2	Tombacz_et_al	transcript	140709	141391	.	-	.	160	160	nc-ORF65.1	ORF65	716	141391	140709	Non-coding	"Ref.prime3.TR=140709;prime5.TR=141391;final_TX_ID=716"
NC_001491.2	Tombacz_et_al	transcript	140709	141359	.	-	.	161	161	nc-ORF65.1	ORF65	738	141359	140709	Non-coding	"Ref.prime3.TR=140709;prime5.TR=141359;final_TX_ID=738"
NC_001491.2	Tombacz_et_al	transcript	140709	141082	.	-	.	162	162	nc-ORF65.1	ORF65	645	141082	140709	Non-coding	"Ref.prime3.TR=140709;prime5.TR=141082;final_TX_ID=645"
NC_001491.2	Tombacz_et_al	transcript	140709	141150	.	-	.	163	163	nc-ORF65.1	ORF65	647	141150	140709	Non-coding	"Ref.prime3.TR=140709;prime5.TR=141150;final_TX_ID=647"
NC_001491.2	Tombacz_et_al	transcript	140709	140915	.	-	.	164	164	ORF65.1	ORF65	764	140915	140709	Putative mRNA	"Ref.prime3.TR=140709;prime5.TR=140915;final_TX_ID=764"
NC_001491.2	Tombacz_et_al	transcript	140709	141543	.	-	.	165	165	nc-ORF65.1	ORF65	767	141543	140709	Non-coding	"Ref.prime3.TR=140709;prime5.TR=141543;final_TX_ID=767"
NC_001491.2	Tombacz_et_al	transcript	140709	141245	.	-	.	166	166	nc-ORF65.1	ORF65	649	141245	140709	Non-coding	"Ref.prime3.TR=140709;prime5.TR=141245;final_TX_ID=649"
NC_001491.2	Tombacz_et_al	transcript	140709	141273	.	-	.	167	167	nc-ORF65.1	ORF65	671	141273	140709	Non-coding	"Ref.prime3.TR=140709;prime5.TR=141273;final_TX_ID=671"
NC_001491.2	Tombacz_et_al	transcript	2650	3632	.	+	.	168	168	ORF3	ORF3	37	2650	3632	Monocistronic-Long	"Ref.prime3.TR=3632;prime5.TR=2650;final_TX_ID=37"
NC_001491.2	Tombacz_et_al	transcript	2702	3632	.	+	.	169	169	ORF3	ORF3	39	2702	3632	Monocistronic-Short	"Ref.prime3.TR=3632;prime5.TR=2702;final_TX_ID=39"
NC_001491.2	Tombacz_et_al	transcript	4391	5941	.	-	.	170	170	ORF5	ORF5	778	5941	4391	Monocistronic-Short	"Ref.prime3.TR=4391;prime5.TR=5941;final_TX_ID=778"
NC_001491.2	Tombacz_et_al	transcript	10054	11072	.	+	.	171	171	ORF8	ORF8	331	10054	11072	Monocistronic-Long	"Ref.prime3.TR=11072;prime5.TR=10054;final_TX_ID=331"
NC_001491.2	Tombacz_et_al	transcript	10068	11072	.	+	.	172	172	ORF8	ORF8	322	10068	11072	Monocistronic-Long	"Ref.prime3.TR=11072;prime5.TR=10068;final_TX_ID=322"
NC_001491.2	Tombacz_et_al	transcript	10095	11072	.	+	.	173	173	ORF8	ORF8	332	10095	11072	Monocistronic-Short	"Ref.prime3.TR=11072;prime5.TR=10095;final_TX_ID=332"
NC_001491.2	Tombacz_et_al	transcript	13509	14971	.	+	.	174	174	ORF12	ORF12	193	13509	14971	Monocistronic-Long	"Ref.prime3.TR=14971;prime5.TR=13509;final_TX_ID=193"
NC_001491.2	Tombacz_et_al	transcript	13560	14971	.	+	.	175	175	ORF12	ORF12	199	13560	14971	Monocistronic-Short	"Ref.prime3.TR=14971;prime5.TR=13560;final_TX_ID=199"
NC_001491.2	Tombacz_et_al	transcript	15195	20385	.	+	.	176	176	ORF13-ORF14	ORF13	4	15195	20385	Multicistronic-Long	"Ref.prime3.TR=20385;prime5.TR=15195;final_TX_ID=4"
NC_001491.2	Tombacz_et_al	transcript	15260	20385	.	+	.	177	177	ORF13-ORF14	ORF13	306	15260	20385	Multicistronic-Short	"Ref.prime3.TR=20385;prime5.TR=15260;final_TX_ID=306"
NC_001491.2	Tombacz_et_al	transcript	15673	20385	.	+	.	178	178	ORF14	ORF14	9	15673	20385	Monocistronic-Long	"Ref.prime3.TR=20385;prime5.TR=15673;final_TX_ID=9"
NC_001491.2	Tombacz_et_al	transcript	15746	20385	.	+	.	179	179	ORF14	ORF14	11	15746	20385	Monocistronic-Long	"Ref.prime3.TR=20385;prime5.TR=15746;final_TX_ID=11"
NC_001491.2	Tombacz_et_al	transcript	15828	20385	.	+	.	180	180	ORF14	ORF14	14	15828	20385	Monocistronic-Long	"Ref.prime3.TR=20385;prime5.TR=15828;final_TX_ID=14"
NC_001491.2	Tombacz_et_al	transcript	17455	20385	.	+	.	181	181	ORF14	ORF14	296	17455	20385	Monocistronic-Long	"Ref.prime3.TR=20385;prime5.TR=17455;final_TX_ID=296"
NC_001491.2	Tombacz_et_al	transcript	17503	20385	.	+	.	182	182	ORF14	ORF14	19	17503	20385	Monocistronic-Long	"Ref.prime3.TR=20385;prime5.TR=17503;final_TX_ID=19"
NC_001491.2	Tombacz_et_al	transcript	17518	20385	.	+	.	183	183	ORF14	ORF14	244	17518	20385	Monocistronic-Long	"Ref.prime3.TR=20385;prime5.TR=17518;final_TX_ID=244"
NC_001491.2	Tombacz_et_al	transcript	17967	20385	.	+	.	184	184	ORF14	ORF14	20	17967	20385	Monocistronic-Long	"Ref.prime3.TR=20385;prime5.TR=17967;final_TX_ID=20"
NC_001491.2	Tombacz_et_al	transcript	17998	20385	.	+	.	185	185	ORF14	ORF14	22	17998	20385	Monocistronic-Short	"Ref.prime3.TR=20385;prime5.TR=17998;final_TX_ID=22"
NC_001491.2	Tombacz_et_al	transcript	18016	20385	.	+	.	186	186	ORF14	ORF14	23	18016	20385	Monocistronic-Short	"Ref.prime3.TR=20385;prime5.TR=18016;final_TX_ID=23"
NC_001491.2	Tombacz_et_al	transcript	20383	22761	.	-	.	187	187	ORF15	ORF15	379	22761	20383	Monocistronic-Long	"Ref.prime3.TR=20383;prime5.TR=22761;final_TX_ID=379"
NC_001491.2	Tombacz_et_al	transcript	20383	22773	.	-	.	188	188	ORF15	ORF15	689	22773	20383	Monocistronic-Long	"Ref.prime3.TR=20383;prime5.TR=22773;final_TX_ID=689"
NC_001491.2	Tombacz_et_al	transcript	27868	28962	.	-	.	189	189	ORF20	ORF20	394	28962	27868	Monocistronic-Short	"Ref.prime3.TR=27868;prime5.TR=28962;final_TX_ID=394"
NC_001491.2	Tombacz_et_al	transcript	27868	29000	.	-	.	190	190	ORF20	ORF20	396	29000	27868	Monocistronic-Long	"Ref.prime3.TR=27868;prime5.TR=29000;final_TX_ID=396"
NC_001491.2	Tombacz_et_al	transcript	27868	31322	.	-	.	191	191	ORF21-ORF20	ORF21	693	31322	27868	Monocistronic-Long	"Ref.prime3.TR=27868;prime5.TR=31322;final_TX_ID=693"
NC_001491.2	Tombacz_et_al	transcript	27868	31361	.	-	.	192	192	ORF21-ORF20	ORF21	404	31361	27868	Monocistronic-Long	"Ref.prime3.TR=27868;prime5.TR=31361;final_TX_ID=404"
NC_001491.2	Tombacz_et_al	transcript	27868	29209	.	-	.	193	193	ORF20	ORF20	692	29209	27868	Monocistronic-Long	"Ref.prime3.TR=27868;prime5.TR=29209;final_TX_ID=692"
NC_001491.2	Tombacz_et_al	transcript	31489	33072	.	-	.	194	194	ORF22	ORF22	411	33072	31489	Monocistronic-Long	"Ref.prime3.TR=31489;prime5.TR=33072;final_TX_ID=411"
NC_001491.2	Tombacz_et_al	transcript	31489	33114	.	-	.	195	195	ORF22	ORF22	412	33114	31489	Monocistronic-Long	"Ref.prime3.TR=31489;prime5.TR=33114;final_TX_ID=412"
NC_001491.2	Tombacz_et_al	transcript	33224	36380	.	+	.	196	196	ORF23	ORF23	299	33224	36380	Monocistronic-Long	"Ref.prime3.TR=36380;prime5.TR=33224;final_TX_ID=299"
NC_001491.2	Tombacz_et_al	transcript	46895	47360	.	-	.	197	197	ORF25	ORF25	416	47360	46895	Monocistronic-Short	"Ref.prime3.TR=46895;prime5.TR=47360;final_TX_ID=416"
NC_001491.2	Tombacz_et_al	transcript	46895	48182	.	-	.	198	198	ORF25	ORF25	421	48182	46895	Monocistronic-Long	"Ref.prime3.TR=46895;prime5.TR=48182;final_TX_ID=421"
NC_001491.2	Tombacz_et_al	transcript	46895	48267	.	-	.	199	199	ORF26-ORF25	ORF26	785	48267	46895	Multicistronic-Long	"Ref.prime3.TR=46895;prime5.TR=48267;final_TX_ID=785"
NC_001491.2	Tombacz_et_al	transcript	46895	48319	.	-	.	200	200	ORF26-ORF25	ORF26	747	48319	46895	Multicistronic-Long	"Ref.prime3.TR=46895;prime5.TR=48319;final_TX_ID=747"
NC_001491.2	Tombacz_et_al	transcript	46895	47555	.	-	.	201	201	ORF25	ORF25	695	47555	46895	Monocistronic-Long	"Ref.prime3.TR=46895;prime5.TR=47555;final_TX_ID=695"
NC_001491.2	Tombacz_et_al	transcript	46895	47822	.	-	.	202	202	ORF25	ORF25	696	47822	46895	Monocistronic-Long	"Ref.prime3.TR=46895;prime5.TR=47822;final_TX_ID=696"
NC_001491.2	Tombacz_et_al	transcript	46895	48247	.	-	.	203	203	ORF26-ORF25	ORF26	720	48247	46895	Multicistronic-Short	"Ref.prime3.TR=46895;prime5.TR=48247;final_TX_ID=720"
NC_001491.2	Tombacz_et_al	transcript	46895	49214	.	-	.	204	204	ORF27-ORF26-ORF25	ORF27	740	49214	46895	Multicistronic-Short	"Ref.prime3.TR=46895;prime5.TR=49214;final_TX_ID=740"
NC_001491.2	Tombacz_et_al	transcript	46895	47635	.	-	.	205	205	ORF25	ORF25	754	47635	46895	Monocistronic-Long	"Ref.prime3.TR=46895;prime5.TR=47635;final_TX_ID=754"
NC_001491.2	Tombacz_et_al	transcript	48532	51693	.	+	.	206	206	ORF28-ORF29	ORF28	57	48532	51693	Multicistronic-Short	"Ref.prime3.TR=51693;prime5.TR=48532;final_TX_ID=57"
NC_001491.2	Tombacz_et_al	transcript	51486	55203	.	-	.	207	207	ORF30	ORF30	437	55203	51486	Monocistronic-Long	"Ref.prime3.TR=51486;prime5.TR=55203;final_TX_ID=437"
NC_001491.2	Tombacz_et_al	transcript	55255	59182	.	+	.	208	208	ORF31	ORF31	66	55255	59182	Monocistronic-Long	"Ref.prime3.TR=59182;prime5.TR=55255;final_TX_ID=66"
NC_001491.2	Tombacz_et_al	transcript	55342	59182	.	+	.	209	209	ORF31	ORF31	68	55342	59182	Monocistronic-Short	"Ref.prime3.TR=59182;prime5.TR=55342;final_TX_ID=68"
NC_001491.2	Tombacz_et_al	transcript	62857	65093	.	+	.	210	210	ORF34	ORF34	85	62857	65093	Monocistronic-Long	"Ref.prime3.TR=65093;prime5.TR=62857;final_TX_ID=85"
NC_001491.2	Tombacz_et_al	transcript	63531	65093	.	+	.	211	211	ORF34	ORF34	250	63531	65093	Monocistronic-Long	"Ref.prime3.TR=65093;prime5.TR=63531;final_TX_ID=250"
NC_001491.2	Tombacz_et_al	transcript	64500	65093	.	+	.	212	212	ORF34	ORF34	352	64500	65093	Monocistronic-Short	"Ref.prime3.TR=65093;prime5.TR=64500;final_TX_ID=352"
NC_001491.2	Tombacz_et_al	transcript	65089	66250	.	-	.	213	213	ORF35.5	ORF35	762	66250	65089	Monocistronic-Short	"Ref.prime3.TR=65089;prime5.TR=66250;final_TX_ID=762"
NC_001491.2	Tombacz_et_al	transcript	65089	66521	.	-	.	214	214	ORF35.5	ORF35	699	66521	65089	Monocistronic-Long	"Ref.prime3.TR=65089;prime5.TR=66521;final_TX_ID=699"
NC_001491.2	Tombacz_et_al	transcript	67167	70102	.	-	.	215	215	ORF37-ORF36	ORF37	459	70102	67167	Multicistronic-Short	"Ref.prime3.TR=67167;prime5.TR=70102;final_TX_ID=459"
NC_001491.2	Tombacz_et_al	transcript	69068	70102	.	-	.	216	216	ORF37	ORF37	460	70102	69068	Monocistronic-Short	"Ref.prime3.TR=69068;prime5.TR=70102;final_TX_ID=460"
NC_001491.2	Tombacz_et_al	transcript	69807	71034	.	+	.	217	217	ORF38	ORF38	94	69807	71034	Monocistronic-Short	"Ref.prime3.TR=71034;prime5.TR=69807;final_TX_ID=94"
NC_001491.2	Tombacz_et_al	transcript	77615	81894	.	+	.	218	218	ORF42	ORF42	325	77615	81894	Monocistronic-Long	"Ref.prime3.TR=81894;prime5.TR=77615;final_TX_ID=325"
NC_001491.2	Tombacz_et_al	transcript	77615	83096	.	+	.	219	219	ORF42-ORF43	ORF42	102	77615	83096	Multicistronic-Long	"Ref.prime3.TR=83096;prime5.TR=77615;final_TX_ID=102"
NC_001491.2	Tombacz_et_al	transcript	77645	81894	.	+	.	220	220	ORF42	ORF42	104	77645	81894	Monocistronic-Long	"Ref.prime3.TR=81894;prime5.TR=77645;final_TX_ID=104"
NC_001491.2	Tombacz_et_al	transcript	77665	81894	.	+	.	221	221	ORF42	ORF42	252	77665	81894	Monocistronic-Long	"Ref.prime3.TR=81894;prime5.TR=77665;final_TX_ID=252"
NC_001491.2	Tombacz_et_al	transcript	79972	83096	.	+	.	222	222	ORF43	ORF43	348	79972	83096	Monocistronic-Long	"Ref.prime3.TR=83096;prime5.TR=79972;final_TX_ID=348"
NC_001491.2	Tombacz_et_al	transcript	81892	83096	.	+	.	223	223	ORF43	ORF43	160	81892	83096	Monocistronic-Long	"Ref.prime3.TR=83096;prime5.TR=81892;final_TX_ID=160"
NC_001491.2	Tombacz_et_al	transcript	81919	83096	.	+	.	224	224	ORF43	ORF43	161	81919	83096	Monocistronic-Short	"Ref.prime3.TR=83096;prime5.TR=81919;final_TX_ID=161"
NC_001491.2	Tombacz_et_al	transcript	82060	83096	.	+	.	225	225	ORFF43	ORFF43	263	82060	83096	Monocistronic-Short	"Ref.prime3.TR=83096;prime5.TR=82060;final_TX_ID=263"
NC_001491.2	Tombacz_et_al	transcript	86383	87824	.	+	.	226	226	ORF46	ORF46	318	86383	87824	Monocistronic-Short	"Ref.prime3.TR=87824;prime5.TR=86383;final_TX_ID=318"
NC_001491.2	Tombacz_et_al	transcript	90650	93028	.	+	.	227	227	ORF50-ORF51	ORF50	168	90650	93028	Multicistronic-Long	"Ref.prime3.TR=93028;prime5.TR=90650;final_TX_ID=168"
NC_001491.2	Tombacz_et_al	transcript	90663	93028	.	+	.	228	228	ORF50-ORF51	ORF50	169	90663	93028	Multicistronic-Long	"Ref.prime3.TR=93028;prime5.TR=90663;final_TX_ID=169"
NC_001491.2	Tombacz_et_al	transcript	90707	93028	.	+	.	229	229	ORF50-ORF51	ORF50	172	90707	93028	Multicistronic-Long	"Ref.prime3.TR=93028;prime5.TR=90707;final_TX_ID=172"
NC_001491.2	Tombacz_et_al	transcript	90734	93028	.	+	.	230	230	ORF50-ORF51	ORF50	265	90734	93028	Multicistronic-Short	"Ref.prime3.TR=93028;prime5.TR=90734;final_TX_ID=265"
NC_001491.2	Tombacz_et_al	transcript	90784	93028	.	+	.	231	231	ORF50-ORF51	ORF50	175	90784	93028	Multicistronic-Short	"Ref.prime3.TR=93028;prime5.TR=90784;final_TX_ID=175"
NC_001491.2	Tombacz_et_al	transcript	91202	93028	.	+	.	232	232	ORF51	ORF51	180	91202	93028	Monocistronic-Long	"Ref.prime3.TR=93028;prime5.TR=91202;final_TX_ID=180"
NC_001491.2	Tombacz_et_al	transcript	92378	93028	.	+	.	233	233	ORF51	ORF51	182	92378	93028	Monocistronic-Long	"Ref.prime3.TR=93028;prime5.TR=92378;final_TX_ID=182"
NC_001491.2	Tombacz_et_al	transcript	92455	93028	.	+	.	234	234	ORF51	ORF51	291	92455	93028	Monocistronic-Long	"Ref.prime3.TR=93028;prime5.TR=92455;final_TX_ID=291"
NC_001491.2	Tombacz_et_al	transcript	93031	94806	.	-	.	235	235	ORF52	ORF52	526	94806	93031	Monocistronic-Long	"Ref.prime3.TR=93031;prime5.TR=94806;final_TX_ID=526"
NC_001491.2	Tombacz_et_al	transcript	105829	108304	.	-	.	236	236	ORF61-ORF60-ORF59	ORF61	575	108304	105829	Multicistronic-Short	"Ref.prime3.TR=105829;prime5.TR=108304;final_TX_ID=575"
NC_001491.2	Tombacz_et_al	transcript	105829	108333	.	-	.	237	237	ORF61-ORF60-ORF59	ORF61	578	108333	105829	Multicistronic-Long	"Ref.prime3.TR=105829;prime5.TR=108333;final_TX_ID=578"
NC_001491.2	Tombacz_et_al	transcript	105829	108180	.	-	.	238	238	ORF61-ORF60-ORF59	ORF61	574	108180	105829	Multicistronic-Short	"Ref.prime3.TR=105829;prime5.TR=108180;final_TX_ID=574"
NC_001491.2	Tombacz_et_al	transcript	105829	108171	.	-	.	239	239	ORF61-ORF60-ORF59	ORF61	709	108171	105829	Multicistronic-Short	"Ref.prime3.TR=105829;prime5.TR=108171;final_TX_ID=709"
NC_001491.2	Tombacz_et_al	transcript	105829	106781	.	-	.	240	240	ORF59	ORF59	743	106781	105829	Monocistronic-Long	"Ref.prime3.TR=105829;prime5.TR=106781;final_TX_ID=743"
NC_001491.2	Tombacz_et_al	transcript	105829	106674	.	-	.	241	241	ORF59	ORF59	769	106674	105829	Monocistronic-Long	"Ref.prime3.TR=105829;prime5.TR=106674;final_TX_ID=769"
NC_001491.2	Tombacz_et_al	transcript	105829	106443	.	-	.	242	242	ORF59	ORF59	772	106443	105829	Monocistronic-Short	"Ref.prime3.TR=105829;prime5.TR=106443;final_TX_ID=772"
NC_001491.2	Tombacz_et_al	transcript	105829	106475	.	-	.	243	243	ORF59	ORF59	780	106475	105829	Monocistronic-Short	"Ref.prime3.TR=105829;prime5.TR=106475;final_TX_ID=780"
NC_001491.2	Tombacz_et_al	transcript	110319	112011	.	-	.	244	244	ORF63	ORF63	710	112011	110319	Monocistronic-Short	"Ref.prime3.TR=110319;prime5.TR=112011;final_TX_ID=710"
NC_001491.2	Tombacz_et_al	transcript	124283	125249	.	-	.	245	245	ORF67	ORF67	737	125249	124283	Monocistronic-Short	"Ref.prime3.TR=124283;prime5.TR=125249;final_TX_ID=737"
NC_001491.2	Tombacz_et_al	transcript	124283	125296	.	-	.	246	246	ORF67	ORF67	752	125296	124283	Monocistronic-Short	"Ref.prime3.TR=124283;prime5.TR=125296;final_TX_ID=752"
NC_001491.2	Tombacz_et_al	transcript	124283	125219	.	-	.	247	247	ORF67	ORF67	736	125219	124283	Monocistronic-Short	"Ref.prime3.TR=124283;prime5.TR=125219;final_TX_ID=736"
NC_001491.2	Tombacz_et_al	transcript	124283	125313	.	-	.	248	248	ORF67	ORF67	756	125313	124283	Monocistronic-Short	"Ref.prime3.TR=124283;prime5.TR=125313;final_TX_ID=756"
NC_001491.2	Tombacz_et_al	transcript	127655	128944	.	+	.	249	249	ORF70	ORF70	214	127655	128944	Monocistronic-Short	"Ref.prime3.TR=128944;prime5.TR=127655;final_TX_ID=214"
NC_001491.2	Tombacz_et_al	transcript	132880	134249	.	+	.	250	250	ORF73	ORF73	223	132880	134249	Monocistronic-Short	"Ref.prime3.TR=134249;prime5.TR=132880;final_TX_ID=223"
NC_001491.2	Tombacz_et_al	transcript	134995	136464	.	+	.	251	251	ORF75	ORF75	230	134995	136464	Monocistronic-Long	"Ref.prime3.TR=136464;prime5.TR=134995;final_TX_ID=230"
NC_001491.2	Tombacz_et_al	transcript	135013	136464	.	+	.	252	252	ORF75	ORF75	231	135013	136464	Monocistronic-Long	"Ref.prime3.TR=136464;prime5.TR=135013;final_TX_ID=231"
NC_001491.2	Tombacz_et_al	transcript	135581	136464	.	+	.	253	253	ORF75	ORF75	232	135581	136464	Monocistronic-Short	"Ref.prime3.TR=136464;prime5.TR=135581;final_TX_ID=232"
NC_001491.2	Tombacz_et_al	transcript	135613	136464	.	+	.	254	254	ORF75	ORF75	233	135613	136464	Monocistronic-Short	"Ref.prime3.TR=136464;prime5.TR=135613;final_TX_ID=233"
NC_001491.2	Tombacz_et_al	transcript	135684	136464	.	+	.	255	255	ORF75	ORF75	235	135684	136464	Monocistronic-Short	"Ref.prime3.TR=136464;prime5.TR=135684;final_TX_ID=235"
NC_001491.2	Tombacz_et_al	transcript	135768	136464	.	+	.	256	256	ORF75	ORF75	328	135768	136464	Monocistronic-Short	"Ref.prime3.TR=136464;prime5.TR=135768;final_TX_ID=328"
NC_001491.2	Tombacz_et_al	transcript	135785	136464	.	+	.	257	257	ORF75	ORF75	236	135785	136464	Monocistronic-Short	"Ref.prime3.TR=136464;prime5.TR=135785;final_TX_ID=236"
NC_001491.2	Tombacz_et_al	transcript	135791	136464	.	+	.	258	258	ORF75	ORF75	275	135791	136464	Monocistronic-Short	"Ref.prime3.TR=136464;prime5.TR=135791;final_TX_ID=275"
NC_001491.2	Tombacz_et_al	transcript	135916	136464	.	+	.	259	259	ORF75	ORF75	237	135916	136464	Monocistronic-Short	"Ref.prime3.TR=136464;prime5.TR=135916;final_TX_ID=237"
NC_001491.2	Tombacz_et_al	transcript	135935	136464	.	+	.	260	260	ORF75	ORF75	305	135935	136464	Monocistronic-Short	"Ref.prime3.TR=136464;prime5.TR=135935;final_TX_ID=305"
NC_001491.2	Tombacz_et_al	transcript	137847	138877	.	+	.	261	261	ORF67.1	ORF67	2	137847	138877	Monocistronic-Short	"Ref.prime3.TR=138877;prime5.TR=137847;final_TX_ID=2"
NC_001491.2	Tombacz_et_al	transcript	137864	138877	.	+	.	262	262	ORF67.1	ORF67	321	137864	138877	Monocistronic-Short	"Ref.prime3.TR=138877;prime5.TR=137864;final_TX_ID=321"
NC_001491.2	Tombacz_et_al	transcript	137911	138877	.	+	.	263	ORF67_2_Long	ORF67.1	ORF67	3	137911	138877	Monocistronic-Short	"Ref.prime3.TR=138877;prime5.TR=137911;final_TX_ID=3"
NC_001491.2	Tombacz_et_al	transcript	137925	138877	.	+	.	264	264	ORF67.1	ORF67	323	137925	138877	Monocistronic-Short	"Ref.prime3.TR=138877;prime5.TR=137925;final_TX_ID=323"
NC_001491.2	Tombacz_et_al	transcript	137965	138877	.	+	.	265	265	ORF67.1	ORF67	295	137965	138877	Monocistronic-Short	"Ref.prime3.TR=138877;prime5.TR=137965;final_TX_ID=295"
NC_001491.2	Tombacz_et_al	transcript	73834	74215	.	-	.	266	266	CTO	CTO	758	74215	73834	CTO-L	"Ref.prime3.TR=73834;prime5.TR=74215;final_TX_ID=758"
NC_001491.2	Tombacz_et_al	transcript	73834	75173	.	-	.	267	267	CTO	CTO	503	75173	73834	CTO-L-2	"Ref.prime3.TR=73834;prime5.TR=75173;final_TX_ID=503"
NC_001491.2	Tombacz_et_al	transcript	89245	90532	.	-	.	268	268	ORF49-ORF48	ORF49	512	90532	89245	Antisense-Long	"Ref.prime3.TR=89245;prime5.TR=90532;final_TX_ID=512"
NC_001491.2	Tombacz_et_al	transcript	89245	90504	.	-	.	269	269	ORF49-ORF48	ORF49	706	90504	89245	Antisense-Long	"Ref.prime3.TR=89245;prime5.TR=90504;final_TX_ID=706"
NC_001491.2	Tombacz_et_al	transcript	118856	119857	.	+	.	270	270	NOIR	NOIR_1	195	118856	119857	Non-coding-Long	"Ref.prime3.TR=119857;prime5.TR=118856;final_TX_ID=195"
NC_001491.2	Tombacz_et_al	transcript	122289	122451	.	+	.	271	271	ORF65-ORF66	ORF65	211	122289	122451	Non-coding-intergenic	"Ref.prime3.TR=122451;prime5.TR=122289;final_TX_ID=211"
NC_001491.2	Tombacz_et_al	transcript	122298	122451	.	+	.	272	272	ORF65-ORF66	ORF65	347	122298	122451	Non-coding-intergenic	"Ref.prime3.TR=122451;prime5.TR=122298;final_TX_ID=347"
NC_001491.2	Tombacz_et_al	transcript	130283	131598	.	+	.	273	273	ORF71	ORF71	219	130283	131598	Non-coding	"Ref.prime3.TR=131598;prime5.TR=130283;final_TX_ID=219"
NC_001491.2	Tombacz_et_al	transcript	140709	140871	.	-	.	274	274	ORF65.1	ORF65	634	140871	140709	Non-coding-short	"Ref.prime3.TR=140709;prime5.TR=140871;final_TX_ID=634"
NC_001491.2	Tombacz_et_al	transcript	140709	140862	.	-	.	275	275	ORF65.1	ORF65	775	140862	140709	Non-coding-short	"Ref.prime3.TR=140709;prime5.TR=140862;final_TX_ID=775"
NC_001491.2	Tombacz_et_al	transcript	143303	144260	.	-	.	276	276	NOIR	NOIR_2	731	144260	143303	Non-coding-short	"Ref.prime3.TR=143303;prime5.TR=144260;final_TX_ID=731"
NC_001491.2	Tombacz_et_al	transcript	143303	144302	.	-	.	277	277	NOIR	NOIR_2	685	144302	143303	Non-coding-long	"Ref.prime3.TR=143303;prime5.TR=144302;final_TX_ID=685"
