Gene	Transcript ID	Transcript category	Canonic	NAGATA	Cage	dcDNA	Exon 1	Exon 2	Exon 3 	Exon 4	Strand
CTO	CTO-S-AS	Antisense		-	-	+	73856-74182				+
NOIR	NOIR-Canonic	Non-coding	*	-	+	+	118878-119857				+
NOIR	NOIR-ORF65-PC-Canonic	Multicistronic	*	-	+	+	118811-122451				+
ORF1	ORF1	Monocistronic	*	+	+	+	1252-1923				+
ORF1	ORF1-ORF2-ORF3-CX-Canonic	Multicistronic	*	+	+	+	1252-3632				+
ORF1	ORF1-ORF2-ORF3-CX-Long	Multicistronic-Long		-	+	+	989-3632				+
ORF10	ORF10-ORF11-ORF12-PC-Canonic	Multicistronic	*	+	+	+	11990-14971				+
ORF10	ORF10-ORF11-PC-Canonic	Multicistronic	*	+	+	+	11990-13520				+
ORF11	ORF11	Monocistronic	*	+	-	+	12468-13520				+
ORF11	ORF11-ORF12-PC-Canonic	Multicistronic	*	-	-	+	12156-14971				+
ORF11	ORF11-ORF12-PC-Short	Multicistronic-Short		+	-	+	12468-14971				+
ORF11	ORF11.5	Putative mRNA	*	-	-	+	12875-13520				+
ORF12	ORF12	Monocistronic	*	+	+	+	13528-14971				+
ORF12	ORF12-AT	Monocistronic-AT		+	+	+	13528-16341				+
ORF12	ORF12-L1	Monocistronic-Long		-	-	+	12661-14971				+
ORF12	ORF12-L2	Monocistronic-Long		-	-	+	12875-14971				+
ORF12	ORF12-ORF13-ORF14-PC-Canonic	Multicistronic	*	+	+	+	13528-20385				+
ORF13	ORF13-ORF14-PC-Canonic	Multicistronic	*	-	+	+	15234-20385				+
ORF13	ORF13-ORF14-PC-Long	Multicistronic-Long		-	+	+	15083-20385				+
ORF14	ORF14	Monocistronic	*	-	+	+	17985-20385				+
ORF14	ORF14-L1	Monocistronic-Long		-	+	+	15647-20385				+
ORF14	ORF14-L2	Monocistronic-Long		-	-	+	15982-20385				+
ORF14	ORF14-L3	Monocistronic-Long		-	-	+	16505-20385				+
ORF14	ORF14-L4	Monocistronic-Long		-	-	+	16796-20385				+
ORF14	ORF14-L5	Monocistronic-Long		-	+	+	17231-20385				+
ORF14	ORF14-L6	Monocistronic-Long		-	-	+	17484-20385				+
ORF14	ORF14-L7	Monocistronic-Long		-	-	+	17716-20385				+
ORF14	ORF14.5	Putative mRNA	*	+	+	+	19661-20385				+
ORF19	ORF16-ORF17-ORF18-ORF19-CX-Canonic	Multicistronic	*	-	-	+	21328-27784				+
ORF19	ORF17-ORF18-ORF19-CX-Canonic	Multicistronic	*	-	-	+	21474-27784				+
ORF19	ORF17-ORF18-ORF19-CX-Short	Multicistronic-Short		-	-	+	21493-27784				+
ORF19	ORF17-ORF18-ORF19-CX-Short-2	Multicistronic-Short		-	+	+	22580-27784				+
ORF19	ORF18-ORF19-CX-Canonic	Multicistronic	*	-	-	+	23099-27784				+
ORF19	ORF18-ORF19-CX-Long	Multicistronic-Long		-	+	+	23079-27784				+
ORF19	ORF18-ORF19-CX-Short	Multicistronic-Short		-	-	+	23686-27784				+
ORF19	ORF18-ORF19-CX-Short-2	Multicistronic-Short		-	-	+	23857-27784				+
ORF19	ORF19	Monocistronic	*	-	-	+	26161-27784				+
ORF19	ORF19-L1	Monocistronic-Long		-	+	+	24861-27784				+
ORF19	ORF19-L2	Monocistronic-Long		-	-	+	25481-27784				+
ORF23	ORF21-ORF22-ORF23-CX-Canonic	Multicistronic	*	-	+	+	28668-36380				+
ORF23	ORF21-ORF22-ORF23-CX-Long	Multicistronic-Long		-	-	+	28131-36380				+
ORF23	ORF23	Monocistronic	*	-	+	+	33237-36380				+
ORF23	ORF23-L1	Monocistronic-Long		-	-	+	32802-36380				+
ORF23	ORF23.5	Putative mRNA	*	+	+	+	35814-36380				+
ORF24	ORF24	Monocistronic	*	-	+	+	36497-46890				+
ORF24	ORF24.5	Putative mRNA		-	-	+	45197-46890				+
ORF24	ORF24.6	Putative mRNA	*	-	+	+	45483-46890				+
ORF24	ORF24.7	Putative mRNA		-	+	+	45800-46890				+
ORF24	ORF24.8	Putative mRNA		-	+	+	46066-46890				+
ORF28	ORF25-ORF26-ORF27-ORF28-ORF29-CX	Multicistronic		-	+	+	47036-51686				+
ORF27	ORF27-ORF28-ORF29-ORF30-ORF3-CX-Canonic1	Multicistronic	*	-	-	+	48073-59182				+
ORF28	ORF28-ORF29-PC-Canonic	Multicistronic	*	-	+	+	48421-51693				+
ORF28	ORF28-ORF29-PC-Short	Multicistronic-Short		-	+	+	48558-51693				+
ORF29	ORF29	Monocistronic	*	+	+	+	50573-51693				+
ORF29	ORF29-ORF30-ORF31-CX-Canonic	Multicistronic	*	+	+	+	50573-59182				+
ORF3	ORF3	Monocistronic	*	+	+	+	2669-3632				+
ORF3	ORF3-ORF4-ORF5-ORF6-ORF7-ORF8-ORF9-ORF10-ORF11-CX-Canonic	Multicistronic	*	+	+	+	2669-13520				+
ORF31	ORF31	Monocistronic	*	-	+	+	55322-59182				+
ORF31	ORF31-L1	Monocistronic-Long		-	+	+	55046-59182				+
ORF31	ORF31-ORF32-ORF33-ORF34-PC-Canonic	Multicistronic	*	-	-	+	52456-65086				+
ORF32	ORF32-ORF33-ORF34-PC-Canonic	Multicistronic	*	-	+	+	59209-65093				+
ORF32	ORF32-ORF33-PC-Canonic	Multicistronic	*	-	+	+	59209-64402				+
ORF33	ORF33	Monocistronic	*	-	+	+	61312-64402				+
ORF33	ORF33-L1	Monocistronic-Long		-	-	+	59993-64402				+
ORF33	ORF33-L2	Monocistronic-Long		-	+	+	60473-64402				+
ORF33	ORF33-ORF34-ORF35-CX-Canonic	Multicistronic	*	-	+	+	61312-67178				+
ORF33	ORF33-ORF34-PC-Canonic	Multicistronic	*	-	+	+	61312-65093				+
ORF33	ORF33-ORF34-PC-Long	Multicistronic-Long		-	+	+	61255-65093				+
ORF33	ORF33-ORF34-PC-Long-1	Multicistronic-Long		-	-	+	59993-65093				+
ORF33	ORF33-ORF34-PC-Long-2	Multicistronic-Long		-	+	+	60473-65093				+
ORF34	ORF34	Monocistronic	*	+	+	+	64488-65093				+
ORF34	ORF34-L1	Monocistronic-Long		-	-	+	61608-65093				+
ORF34	ORF34-ORF35.5-ORF35-CX-Canonic	Multicistronic	*	+	+	+	64488-67175				+
ORF34	ORF34-ORF35.5-ORF35-ORF36-ORF37-ORF38-CX-Canonic	Multicistronic	*	+	+	+	64488-71034				+
ORF38	ORF35.5-ORF35-ORF36-ORF37-ORF38-CX-Canonic	Multicistronic	*	+	+	+	64686-71034				+
ORF38	ORF36-ORF37-ORF38-CX-Canonic	Multicistronic	*	-	+	+	66315-71034				+
ORF38	ORF36-ORF37-ORF38-CX-Short	Multicistronic-Short		-	-	+	66600-71034				+
ORF38	ORF36-ORF37-ORF38-CX-Short-2	Multicistronic-Short		-	-	+	66701-71034				+
ORF38	ORF37-ORF38-CX-Canonic	Multicistronic	*	-	+	+	69019-71034				+
ORF38	ORF37-ORF38-CX-Long	Multicistronic-Long		-	-	+	68916-71034				+
ORF38	ORF37-ORF38-CX-Long-1	Multicistronic-Long		-	-	+	67656-71034				+
ORF38	ORF37-ORF38-CX-Long-2	Multicistronic-Long		-	-	+	68373-71034				+
ORF38	ORF38	Monocistronic	*	+	+	+	69782-71034				+
ORF39	ORF39	Monocistronic	*	-	+	+	71119-73833				+
ORF39	ORF39-L1	Monocistronic-Long		+	+	+	70672-73833				+
ORF39	ORF39-L2	Monocistronic-Long		-	-	+	70903-73833				+
ORF39	ORF39.5	Putative mRNA	*	-	-	+	73393-73833				+
ORF8	ORF4-ORF5-ORF6-ORF7-ORF8-CX	Multicistronic		-	+	+	3296-11072				+
ORF40	ORF40-ORF41-ORF42-CX	Multicistronic		-	-	+	74435-81892				+
ORF41	ORF41-ORF42-ORF43-PC-Canonic	Multicistronic	*	-	+	+	76722-83096				+
ORF41	ORF41-ORF42-ORF43-PC-Long	Multicistronic-Long		-	-	+	76515-83096				+
ORF41	ORF41-ORF42-ORF43-PC-Long-2	Multicistronic-Long		-	-	+	76649-83096				+
ORF41	ORF41-ORF42-PC-Canonic	Multicistronic	*	-	-	+	76515-81894				+
ORF41	ORF41-ORF42-PC-Short	Multicistronic-Short		-	-	+	76649-81894				+
ORF41	ORF41-ORF42-PC-Short-2	Multicistronic-Short		-	+	+	76722-81894				+
ORF42	ORF42	Monocistronic	*	-	+	+	77591-81894				+
ORF42	ORF42-L1	Monocistronic-Long		-	-	+	77081-81894				+
ORF42	ORF42-L2	Monocistronic-Long		-	+	+	77362-81894				+
ORF42	ORF42-ORF43-ORF45-ORF46-PC-Canonic	Multicistronic	*	-	+	+	77591-87824				+
ORF42	ORF42-ORF43-PC-Canonic	Multicistronic	*	-	+	+	77591-83096				+
ORF42	ORF42-ORF43-PC-Long	Multicistronic-Long		-	+	+	77505-83096				+
ORF42	ORF42-ORF43-PC-Long-1	Multicistronic-Long		-	-	+	77081-83096				+
ORF42	ORF42-ORF43-PC-Long-2	Multicistronic-Long		-	+	+	77362-83096				+
ORF43	ORF43	Monocistronic	*	+	+	+	81905-83096				+
ORF43	ORF43-L1	Monocistronic-Long		-	-	+	78636-83096				+
ORF43	ORF43-L2	Monocistronic-Long		-	+	+	79161-83096				+
ORF43	ORF43-L3	Monocistronic-Long		-	+	+	79666-83096				+
ORF43	ORF43-L4	Monocistronic-Long		-	+	+	79946-83096				+
ORF43	ORF43-L5	Monocistronic-Long		-	-	+	80246-83096				+
ORF43	ORF43-L6	Monocistronic-Long		+	-	+	80796-83096				+
ORF43	ORF43-L7	Monocistronic-Long		+	+	+	81008-83096				+
ORF43	ORF43-ORF45-ORF46-PC-Canonic	Multicistronic	*	+	+	+	81905-87824				+
ORF45	ORF45-ORF46-ORF48-ORF49-ORF50-ORF51-PC-Canonic	Multicistronic	*	-	+	+	84369-93028				+
ORF45	ORF45-ORF46-PC-Canonic	Multicistronic	*	-	+	+	84369-87824				+
ORF45	ORF45-ORF46-PC-Long-1	Multicistronic-Long		+	+	+	82842-87824				+
ORF45	ORF45-ORF46-PC-Long-2	Multicistronic-Long		-	-	+	84189-87824				+
ORF45	ORF45-ORF46-PC-Long-3	Multicistronic-Long		-	-	+	84295-87824				+
ORF46	ORF46	Monocistronic	*	+	+	+	86362-87824				+
ORF46	ORF46-L1	Monocistronic-Long		-	+	+	84815-87824				+
ORF46	ORF46-ORF48-ORF49-ORF50	Multicistronic		-	-	+	84907-93028				+
ORF46	ORF46-ORF48-ORF49-ORF50-ORF51-ORF52-ORF53-CX-Canonic	Multicistronic	*	+	+	+	86362-98004				+
ORF46	ORF46-ORF48-ORF49-ORF50-ORF51-PC-Canonic	Multicistronic	*	+	+	+	86362-93028				+
ORF48	ORF48-ORF49-ORF50-ORF51-ORF52-ORF53-ORF54	Multicistronic		-	-	+	87844-99343				+
ORF48	ORF48-ORF49-ORF50-ORF51-PC-Canonic	Multicistronic	*	-	+	+	88589-93028				+
ORF48	ORF48-ORF49-ORF50-ORF51-PC-Long	Multicistronic-Long		-	+	+	88429-93028				+
ORF48	ORF48-ORF49-ORF50-ORF51-PC-Long-1	Multicistronic-Long		-	-	+	87846-93028				+
ORF48	ORF48-ORF49-ORF50-ORF51-PC-Long-2	Multicistronic-Long		-	+	+	88297-93028				+
ORF49	ORF49-ORF50-ORF51-PC-Canonic	Multicistronic	*	-	+	+	89351-93028				+
ORF49	ORF49-ORF50-ORF51-PC-Long	Multicistronic-Long		-	-	+	89189-93028				+
ORF8	ORF5-ORF6-ORF7-ORF8-CX-Canonic	Multicistronic	*	-	-	+	3872-11067				+
ORF50	ORF50-ORF51-Canonic	Multicistronic	*	-	+	+	90722-93028				+
ORF50	ORF50-ORF51-PC-Long	Multicistronic-Long		-	+	+	90586-93028				+
ORF50	ORF50-ORF51-PC-Long-1	Multicistronic-Long		-	-	+	90226-93028				+
ORF50	ORF50-ORF51-PC-Long-2	Multicistronic-Long		-	+	+	90686-93028				+
ORF51	ORF51	Monocistronic	*	-	+	+	92730-93028				+
ORF51	ORF51-ORF52-ORF53-ORF54-CX-Canonic	Multicistronic	*	+	+	+	92409-99345				+
ORF53	ORF52-ORF53-ORF54-CX-Canonic	Multicistronic	*	-	-	+	92786-99345				+
ORF53	ORF53-Canonic	Monocistronic	*	-	+	+	94358-98004				+
ORF58	ORF53-ORF54-ORF55-ORF56-ORF57-ORF58	Multicistronic		-	+	+	94358-105827				+
ORF53	ORF53-ORF54-PC-Canonic	Multicistronic	*	-	+	+	94358-99345				+
ORF53	ORF53.5	Putative mRNA	*	-	+	+	95968-98004				+
ORF54	ORF54	Monocistronic	*	+	+	+	96454-99345				+
ORF54	ORF54-L1	Monocistronic-Long		-	-	+	94861-99345				+
ORF54	ORF54-L2	Monocistronic-Long		-	-	+	95199-99345				+
ORF54	ORF54-L3	Monocistronic-Long		-	+	+	95968-99345				+
ORF54	ORF54-ORF55-ORF56-ORF57-CX-Canonic	Multicistronic	*	+	+	+	96454-105147				+
ORF54	ORF54-ORF55-ORF56-ORF57-ORF58-CX-Canonic	Multicistronic	*	+	+	+	96454-105836				+
ORF54	ORF54-S	Monocistronic-Short		-	+	+	96925-99345				+
ORF57	ORF55-ORF56-ORF57-ORF58-CX-Canonic	Multicistronic	*	-	-	+	98261-105836				+
ORF57	ORF55-ORF56-ORF57-ORF58-CX-Long	Multicistronic-Long		+	-	+	98162-105836				+
ORF57	ORF55-ORF56-ORF57-ORF58-CX-Long-1	Multicistronic-Long		-	-	+	97150-105836				+
ORF57	ORF55-ORF56-ORF57-ORF58-CX-Long-2	Multicistronic-Long		-	-	+	97642-105836				+
ORF57	ORF55-ORF56-ORF57-ORF58-CX-Short-1	Multicistronic-Short		+	-	+	98789-105836				+
ORF57	ORF55-ORF56-ORF57-ORF58-CX-Short-2	Multicistronic-Short		+	-	+	99014-105836				+
ORF57	ORF55-ORF56-ORF57-ORF58-CX-Short-3	Multicistronic-Short		+	-	+	99095-105836				+
ORF57	ORF55-ORF56-ORF57-ORF58-CX-Short-4	Multicistronic-Short		-	-	+	99177-105836				+
ORF57	ORF55-ORF56-ORF57-ORF58-CX-Short-5	Multicistronic-Short		-	-	+	98304-105836				+
ORF57	ORF55-ORF56-ORF57-ORF58-CX-Short-6	Multicistronic-Short		-	-	+	98413-105836				+
ORF57	ORF56-ORF57-ORF58-CX-Canonic	Multicistronic	*	-	-	+	99648-105836				+
ORF57	ORF56-ORF57-ORF58-CX-Long	Multicistronic-Long		-	-	+	99583-105836				+
ORF57	ORF56-ORF57-ORF58-CX-Short	Multicistronic-Short		-	+	+	100129-105836				+
ORF57	ORF56-ORF57-ORF58-CX-Short-1	Multicistronic-Short		-	+	+	99859-105836				+
ORF57	ORF56-ORF57-ORF58-CX-Short-2	Multicistronic-Short		-	-	+	100060-105836				+
ORF57	ORF57	Monocistronic	*	-	+	+	102277-105147				+
ORF57	ORF57-ORF58-PC-Canonic	Multicistronic	*	-	-	+	101606-105836				+
ORF57	ORF57-ORF58-PC-Long-1	Multicistronic-Long		-	-	+	100852-105836				+
ORF57	ORF57-ORF58-PC-Long-2	Multicistronic-Long		-	-	+	101126-105836				+
ORF57	ORF57-ORF58-PC-Long-3	Multicistronic-Long		-	-	+	101331-105836				+
ORF57	ORF57-ORF58-PC-Short	Multicistronic-Short		-	-	+	101690-105836				+
ORF57	ORF57-ORF58-PC-Short-2	Multicistronic-Short		-	+	+	102277-105836				+
ORF57	ORF57-ORF58-PC-Short-3	Multicistronic-Short		-	-	+	102368-105836				+
ORF57	ORF57.5	Putative mRNA	*	-	+	+	103733-105147				+
ORF57	ORF57.6	Putative mRNA	*	-	+	+	104496-105147				+
ORF57	ORF57.7	Putative mRNA	*	+	-	+	104814-105147				+
ORF58	ORF58	Monocistronic	*	+	+	+	105006-105836				+
ORF58	ORF58-L1	Monocistronic-Long		-	-	+	102672-105836				+
ORF58	ORF58-L2	Monocistronic-Long		-	-	+	103143-105836				+
ORF58	ORF58-L3	Monocistronic-Long		-	-	+	103399-105836				+
ORF58	ORF58-L4	Monocistronic-Long		-	+	+	103733-105836				+
ORF58	ORF58.5	Putative mRNA	*	-	-	+	105456-105836				+
ORF11	ORF6-ORF7-ORF8-ORF9-ORF10-ORF11	Multicistronic		-	-	+	5397-13517				+
ORF64	ORF64.1-L1	Putative mRNA		-	-	+	143946-149339				+
ORF64	ORF64_2	Monocistronic	*	-	+	+	144404-149339				+
ORF65	ORF65	Monocistronic	*	-	+	+	121002-122451				+
ORF65	ORF65-L1	Monocistronic-Long		-	+	+	120072-122451				+
ORF65	ORF65-ORF66-PC	Multicistronic		-	-	+	120997-123600				+
ORF65	ORF65-S	Monocistronic-Short		-	+	+	121300-122451				+
ORF66	ORF66	Monocistronic	*	-	+	+	122825-123602				+
ORF71	ORF67-ORF68-ORF69-ORF70-ORF71	Multicistronic		-	-	+	124305-131598				+
ORF67	ORF67.1	Putative mRNA	*	+	+	+	137825-138877				+
ORF69	ORF69	Monocistronic	*	-	+	+	126338-127862				+
ORF69	ORF69-ORF70-ORF71-PC-Canonic	Multicistronic	*	-	+	+	126338-131601				+
ORF69	ORF69-ORF70-PC-Canonic	Multicistronic	*	-	+	+	126338-128944				+
ORF8	ORF7-ORF8-CX-Canonic	Multicistronic	*	-	-	+	6466-11067				+
ORF8	ORF7-ORF8-CX-Long	Multicistronic-Long		-	-	+	6149-11067				+
ORF70	ORF70	Monocistronic	*	+	+	+	127634-128944				+
ORF70	ORF70-L1	Monocistronic-Long		-	+	+	126413-128944				+
ORF70	ORF70-L2	Monocistronic-Long		-	+	+	126875-128944				+
ORF70	ORF70-ORF71-ORF72-ORF73-PC-Canonic	Multicistronic	*	+	+	+	127634-134249				+
ORF71	ORF71	Monocistronic	*	-	+	+	129051-131601				+
ORF71	ORF71-ORF72-ORF73-PC-Canonic	Multicistronic	*	-	+	+	129051-134249				+
ORF71	ORF71.5	Putative mRNA	*	-	-	+	131126-131601				+
ORF72	ORF72-ORF73-ORF74-ORF75-PC-Canonic	Multicistronic	*	-	+	+	130634-136464				+
ORF72	ORF72-ORF73-PC-Canonic	Multicistronic	*	+	+	+	131515-134249				+
ORF72	ORF72-ORF73-PC-Long	Multicistronic-Long		-	-	+	130201-134249				+
ORF72	ORF72-ORF73-PC-Long-1	Multicistronic-Long		-	-	+	129474-134249				+
ORF72	ORF72-ORF73-PC-Long-2	Multicistronic-Long		-	+	+	130020-134249				+
ORF72	ORF72-ORF73-PC-Long-3	Multicistronic-Long		-	-	+	130853-134249				+
ORF72	ORF72-ORF73-PC-Long-4	Multicistronic-Long		-	-	+	131126-134249				+
ORF72	ORF72-ORF73-PC-Long-5	Multicistronic-Long		-	-	+	131035-134249				+
ORF73	ORF73	Monocistronic	*	-	+	+	132857-134249				+
ORF73	ORF73-L1	Monocistronic-Long		-	-	+	132176-134249				+
ORF74	ORF74-ORF75-ORF76-ORF67-PC-Canonic	Multicistronic	*	-	+	+	134347-138877				+
ORF74	ORF74-ORF75-PC-Canonic	Multicistronic	*	-	+	+	134347-136464				+
ORF75	ORF75	Monocistronic	*	+	+	+	135564-136464				+
ORF75	ORF75-ORF76-ORF67-PC-Canonic	Multicistronic	*	+	+	+	135564-138877				+
ORF76	ORF76-ORF67-PC-Long	Multicistronic-Long		-	+	+	136555-138877				+
ORF76	ORF76-ORF67-PC-Short	Multicistronic-Short		-	+	+	136601-138877				+
ORF76	ORF76-ORF67.1-PC-Canonic	Multicistronic	*	-	+	+	136583-138877				+
ORF8	ORF8	Monocistronic	*	+	+	+	10080-11067				+
ORF8	ORF8-L1	Monocistronic-Long		-	+	+	7110-11067				+
ORF8	ORF8-L2	Monocistronic-Long		-	+	+	7689-11067				+
ORF8	ORF8-ORF9-ORF10-ORF11-CX-Long	Multicistronic-Long		-	+	+	7110-13520				+
ORF8	ORF8-ORF9-ORF10-ORF11-CX-Short	Multicistronic-Short		+	+	+	10080-13520				+
ORF10	ORF9-ORF10-ORF11-CX-Canonic	Multicistronic	*	-	+	+	10875-13520				+
ORF58	ORF58	Spliced-transcipt		+	+	+	96454-96571	105514-105836			+
ORF53	ORF53	Spliced-transcipt		+	+	+	96454-96571	96944-98004			+
ORF54	ORF54	Spliced-transcipt		+	+	+	96454-96571	96944-99345			+
ORF58	ORF58	Spliced-transcipt		+	+	+	96454-96571	96944-98131	105514-105836		+
ORF54	ORF54	Spliced-transcipt		+	+	+	96454-96696	96944-99345			+
ORF58	ORF58	Spliced-transcipt		+	+	+	96454-96696	96944-98131	105514-105836		+
ORF58	ORF58	Spliced-transcipt		+	+	+	96454-97269	97976-98131	105514-105836		+
ORF58	ORF58	Spliced-transcipt		+	+	+	96454-98131	102840-105836			+
ORF58	ORF58	Spliced-transcipt		+	+	+	96454-98131	102840-103769	105514-105836		+
ORF58	ORF58	Spliced-transcipt		+	+	+	96454-98131	105514-105836			+
ORF58	ORF58	Spliced-transcipt		+	+	+	96454-98131	105527-105836			+
ORF58	ORF58	Spliced-transcipt		-	-	+	97088-98131	105514-105836			+
ORF58	ORF58	Spliced-transcipt		-	-	+	98035-98131	105514-105836			+
ORF58	ORF58	Spliced-transcipt		-	-	+	103143-104390	105514-105836			+
ORF58	ORF58	Spliced-transcipt		+	+	+	96454-103769	105514-105836			+
ORF58	ORF58	Spliced-transcipt		+	+	+	96454-104390	105514-105836			+
ORF53	ORF53	Spliced-transcipt		+	+	+	96454-96696	96944-98004			+
ORF58	ORF58	Spliced-transcipt		-	-	+	97150-98131	105514-105836			+
ORF58	ORF58	Spliced-transcipt		+	-	+	103143-103375	105514-105836			+
NOIR	NOIR	Spliced-transcipt		+	+	+	118878-119224	119461-119749			+
NOIR	NOIR	Spliced-transcipt		+	-	+	119050-119224	119461-119857			+
ORF65	ORF65	Spliced-transcipt		+	+	+	120382-121108	121287-122451			+
ORF8	ORF8	Spliced-transcipt		-	-	+	6149-6688	9510-11067			+
ORF58	ORF58	Spliced-transcipt		+	+	+	96454-96571	96944-98131	102840-103769	105514-105836	+
ORF58	ORF58	Spliced-transcipt		+	+	+	96454-98131	102840-104390	105514-105836		+
ORF58	ORF58	Spliced-transcipt		-	-	+	102672-103769	105514-105836			+
ORF58	ORF58	Spliced-transcipt		+	+	+	105006-105162	105514-105836			+
NOIR	NOIR	Spliced-transcipt		+	+	+	118878-119136	119461-119749			+
NOIR	NOIR	Spliced-transcipt		+	+	+	118878-119136	119461-119857			+
NOIR	NOIR	Spliced-transcipt		+	+	+	118878-119224	119461-119857			+
NOIR	NOIR	Spliced-transcipt		-	-	+	119050-119136	119461-119857			+
ORF65	ORF65	Spliced-transcipt		+	+	+	120072-121068	121287-122451			+
ORF65	ORF65	Spliced-transcipt		+	+	+	120072-121108	121287-122451			+
ORF65	ORF65	Spliced-transcipt		+	+	+	120382-121068	121287-122451			+
ORF65	ORF65	Spliced-transcipt		+	+	+	121002-121068	121287-122451			+
ORF65	ORF65	Spliced-transcipt		+	+	+	121002-121108	121287-122451			+
ORF8	ORF8	Spliced-transcipt		-	-	+	6149-6688	9510-9554	10682-11067		+
ORF8	ORF8	Spliced-transcipt		-	-	+	6466-6688	9510-11067			+
ORF8	ORF8	Spliced-transcipt		-	-	+	6466-6688	9510-9554	10682-11067		+
ORF38	ORF38	Spliced-transcipt		+	+	+	66315-66376	69904-71034			+
ORF38	ORF38	Spliced-transcipt		-	-	+	66576-66754	69904-71034			+
ORF38	ORF38	Spliced-transcipt		-	-	+	66600-66754	69904-71034			+
ORF38	ORF38	Spliced-transcipt		-	-	+	66701-66754	69904-71034			+
ORF38	ORF38	Spliced-transcipt		-	-	+	68373-68513	69904-71034			+
ORF8	ORF8	Spliced-transcipt		+	+	+	7110-7874	9510-11067			+
ORF8	ORF8	Spliced-transcipt		+	+	+	7689-7874	9510-11067			+
ORF8	ORF8	Spliced-transcipt		+	+	+	7689-7874	9510-9554	10682-11067		+
ORF65	ORF65-ORF66-PC-Canonic	Spliced-transcipt	*	-	+	+	121002-121105	121287-123602			+
ORF15	as15	Antisense	*	-	-	+	20396-20968				+
ORF17	as17-Canonic	Antisense	*	-	-	+	23857-24419				+
ORF17	as17-Long-3	Antisense-long		-	+	+	23079-24419				+
ORF17	as17-Long1	Antisense-long		-	-	+	23686-24419				+
ORF17	as17-Long2	Antisense-long		-	-	+	23099-24419				+
ORF35	as35	Antisense-long		-	+	+	66315-67175				+
ORF15	asORF15-ORF16	Antisense		-	-	+	20457-23721				+
ORF65	nct65-Canonic	Non-coding	*	-	+	+	122066-122451				+
ORF65	nct65-Long	Non-coding-long		-	+	+	121788-122451				+
ORF65	nct65-Short	Non-coding-short		-	+	+	122258-122451				+
CTO	CTO-L	Non-coding-Long		-	+	+	73834-74257				-
CTO	CTO-S	Non-coding		+	+	+	73834-74183				-
NOIR	NOIR-2-canonic	Non-coding	*	-	+	+	143303-144282				-
NOIR	NOIR-ORF64-CX-Canonic	Multicistronic	*	-	+	+	113821-120390				-
NOIR	NOIR-ORF65.1	Multicistronic		-	-	+	140709-144215				-
ORF9	ORF10-ORF9-CX-Canonic	Multicistronic	*	-	+	+	11064-12728				-
ORF9	ORF10-ORF9-CX-Long	Multicistronic-Long		-	-	+	11064-12785				-
ORF9	ORF10-ORF9-CX-Long-2	Multicistronic-Long		-	-	+	11064-12908				-
ORF9	ORF10-ORF9-CX-Long-3	Multicistronic-Long		-	-	+	11064-13390				-
ORF9	ORF11-ORF10-ORF9-CX-Long	Multicistronic-Long		-	-	+	11064-14907				-
ORF9	ORF12-ORF11-ORF10-ORF9-CX-Canonic	Multicistronic	*	-	-	+	11064-15699				-
ORF9	ORF12-ORF11-ORF10-ORF9-CX-Short	Multicistronic-Short		-	+	+	11064-15032				-
ORF12	ORF12-ORF11-ORF10-ORF9-ORF8-ORF7-ORF6	Multicistronic		-	+	+	6010-14927				-
ORF9	ORF13-ORF12-ORF11-ORF10-ORF9	Multicistronic		-	-	+	11121-18207				-
ORF9	ORF13-ORF12-ORF11-ORF10-ORF9-ORF8-ORF7-ORF6-ORF5-PC-Canonic	Multicistronic	*	-	+	+	4391-19687				-
ORF9	ORF14-ORF13-ORF12-ORF11-ORF10-ORF9-CX-Canonic	Multicistronic	*	-	-	+	11062-20338				-
ORF15	ORF15	Monocistronic	*	+	+	+	20383-21209				-
ORF15	ORF15-L1	Monocistronic-Long		-	-	+	20383-22415				-
ORF16	ORF16-ORF15-PC-Canonic	Multicistronic	*	+	+	+	20383-22919				-
ORF16	ORF16-ORF15-PC-Long	Multicistronic-Long		-	-	+	20383-23631				-
ORF16	ORF16-ORF15-PC-Short	Multicistronic-Short		+	+	+	20383-22893				-
ORF17	ORF17	Monocistronic	*	+	+	+	23010-24276				-
ORF17	ORF17-AT	Monocistronic-AT		+	+	+	22942-24276				-
ORF17	ORF17-ORF16-ORF15-PC-Canonic	Multicistronic	*	+	+	+	20383-24276				-
ORF17	ORF17-ORF18-ORF19-ORF20	Multicistronic		-	-	+	23010-29475				-
ORF18	ORF18	Monocistronic	*	+	-	+	24413-25769				-
ORF18	ORF18-L1	Monocistronic-Long		-	-	+	24413-26807				-
ORF18	ORF18-L2	Monocistronic-Long		-	-	+	24413-27011				-
ORF18	ORF18-L3	Monocistronic-Long		-	-	+	24413-27731				-
ORF18	ORF18-ORF17-ORF16-ORF15-PC-Canonic	Multicistronic	*	+	-	+	20383-25769				-
ORF18	ORF18-ORF17-PC-Canonic	Multicistronic	*	+	-	+	23010-25769				-
ORF18	ORF18.5	Putative mRNA	*	-	-	+	24413-24630				-
ORF2	ORF2	Monocistronic	*	+	+	+	1918-2672				-
ORF20	ORF20	Monocistronic	*	+	+	+	27868-28983				-
ORF20	ORF20-L1	Monocistronic-Long		-	-	+	27868-30118				-
ORF20	ORF20-ORF19-ORF18-ORF17-ORF16-ORF15-CX-Canonic	Multicistronic	*	+	+	+	20383-28983				-
ORF21	ORF21-ORF20-PC-Canonic	Multicistronic	*	-	+	+	27868-31344				-
ORF21	ORF21-ORF20-PC-Long	Multicistronic-Long		-	-	+	27868-32808				-
ORF21	ORF21-ORF20-PC-Long-2	Multicistronic-Long		-	-	+	27868-32829				-
ORF22	ORF22	Monocistronic	*	+	+	+	31489-33053				-
ORF22	ORF22-L1	Monocistronic-Long		-	-	+	31489-33642				-
ORF22	ORF22-L2	Monocistronic-Long		-	+	+	31489-35022				-
ORF22	ORF22-L3	Monocistronic-Long		-	-	+	31489-35409				-
ORF22	ORF22-L4	Monocistronic-Long		-	-	+	31489-35525				-
ORF22	ORF22-ORF21-ORF20-PC-Canonic	Multicistronic	*	+	+	+	27868-33053				-
ORF22	ORF23-ORF22-CX-Canonic	Multicistronic	*	-	-	+	31489-36847				-
ORF25	ORF25	Monocistronic	*	+	+	+	46895-47374				-
ORF26	ORF26-ORF25-PC-Canonic	Multicistronic	*	+	+	+	46895-48286				-
ORF26	ORF26-ORF25-PC-Long	Multicistronic-Long		-	+	+	46895-48504				-
ORF26	ORF26-ORF25-PC-Long-2	Multicistronic-Long		-	+	+	46895-48298				-
ORF27	ORF27-ORF26-ORF25-PC-Canonic	Multicistronic	*	-	-	+	46895-49982				-
ORF27	ORF27-ORF26-ORF25-PC-Long	Multicistronic-Long		-	+	+	46895-50520				-
ORF27	ORF27-ORF26-ORF25-PC-Long-2	Multicistronic-Long		-	-	+	46895-50613				-
ORF27	ORF28-ORF27-ORF26-ORF25-CX-Canonic	Multicistronic	*	-	-	+	46895-50913				-
ORF27	ORF29-ORF28-ORF27-ORF26-ORF25-CX-Canonic	Multicistronic	*	+	+	+	46895-52259				-
ORF2	ORF3-ORF2-CX-Canonic	Multicistronic	*	+	+	+	1918-4226				-
ORF2	ORF3-ORF2-CX-Short	Multicistronic-Short		-	+	+	1918-4171				-
ORF30	ORF30	Monocistronic	*	-	+	+	51486-55192				-
ORF30	ORF30-L1	Monocistronic-Long		-	+	+	51486-55708				-
ORF33	ORF30-ORF31-ORF32-ORF33	Multicistronic		-	-	+	51567-62822				-
ORF30	ORF30.5	Putative mRNA		-	+	+	51486-51950				-
ORF30	ORF30.6	Putative mRNA	*	+	+	+	51486-52259				-
ORF30	ORF31-ORF30-CX-Canonic	Multicistronic	*	-	-	+	51486-59824				-
ORF35	ORF35	Monocistronic	*	-	-	+	65089-68273				-
ORF35	ORF35-L1	Monocistronic-Long		-	+	+	65089-68860				-
ORF35	ORF35-S	Monocistronic-Short		-	-	+	65089-67484				-
ORF35.5	ORF35.5	Putative mRNA	*	+	+	+	65089-66263				-
ORF35.5	ORF35.5-ORF34-CX-Canonic	Multicistronic	*	+	+	+	64367-66263				-
ORF36	ORF36	Monocistronic	*	+	+	+	67167-69054				-
ORF36	ORF36-L1	Monocistronic-Long		-	+	+	67167-69363				-
ORF36	ORF36-L2	Monocistronic-Long		-	+	+	67167-69574				-
ORF36	ORF36-ORF35-35.5-PC-Long	Multicistronic-Long		-	+	+	65089-69363				-
ORF36	ORF36-ORF35-ORF35.5-PC-Canonic	Multicistronic	*	+	+	+	65089-69054				-
ORF36	ORF36-ORF35-ORF35.5-PC-Long	Multicistronic-Long		-	+	+	65089-69244				-
ORF36	ORF36-ORF35-ORF35.5-PC-Short	Multicistronic-Short		-	-	+	65089-68991				-
ORF37	ORF37	Monocistronic	*	-	+	+	69068-70113				-
ORF37	ORF37-ORF36-ORF35-ORF35.5-PC-Canonic	Multicistronic	*	-	+	+	65089-70113				-
ORF37	ORF37-ORF36-PC-canonic	Multicistronic	*	-	+	+	67167-70113				-
ORF37	ORF38-ORF37-CX-Canonic	Multicistronic	*	-	+	+	69068-73174				-
ORF37	ORF38-ORF37-CX-Short	Multicistronic-Short		-	-	+	69068-71118				-
ORF37	ORF38-ORF37-ORF36-CX-Canonic	Multicistronic	*	-	-	+	67167-71118				-
ORF37	ORF38-ORF37-ORF36-CX-Long	Multicistronic-Long		-	+	+	67167-73174				-
ORF37	ORF39-ORF38-ORF37-CX-Canonic	Multicistronic	*	+	+	+	69068-74183				-
ORF37	ORF39-ORF38-ORF37-ORF36-CX-Canonic	Multicistronic	*	+	+	+	67167-74183				-
ORF37	ORF39-ORF38-ORF37-ORF36-ORF35-ORF35.5-PC-Canonic	Multicistronic	*	+	+	+	65089-74183				-
ORF4	ORF4	Monocistronic	*	+	+	+	3635-4312				-
ORF4	ORF4-ORF3-ORF2-CX-Long-2	Multicistronic-Long		-	+	+	1918-4338				-
ORF4	ORF4-ORF3-ORF2-CX-Long-3	Multicistronic-Long		-	+	+	1918-4379				-
ORF4	ORF4-ORF3-ORF2-CX-Long-4	Multicistronic-Long		+	+	+	1918-5952				-
ORF4	ORF4-ORF3-ORF2-Canonic	Multicistronic	*	+	+	+	1918-4312				-
ORF40	ORF40	Monocistronic	*	-	-	+	74614-76361				-
ORF40	ORF40-AT	Monocistronic-AT		-	-	+	73834-76272				-
ORF40	ORF40-AT2	Monocistronic-AT		-	-	+	73834-76361				-
ORF40	ORF40-AT3	Monocistronic-AT		-	-	+	73834-76458				-
ORF40	ORF40-AT4	Monocistronic-AT		-	-	+	73834-76917				-
ORF40	ORF40-AT5	Monocistronic-AT		-	-	+	73834-77028				-
ORF40	ORF40-AT6	Monocistronic-AT		-	+	+	73834-77251				-
ORF40	ORF40-AT7	Monocistronic-AT		-	-	+	73834-77340				-
ORF40	ORF40-L1	Monocistronic-Long		-	-	+	74614-77028				-
ORF40	ORF40-L2	Monocistronic-Long		-	+	+	74614-77251				-
ORF44	ORF40-ORF41-ORF42-CX-ORF43-ORF44	Multicistronic		-	+	+	73890-85925				-
ORF44	ORF44	Monocistronic	*	-	-	+	83090-89226				-
ORF44	ORF44-ORF46-ORF47-ORF48-ORF49-ORF50-PC-Canonic-ORF51	Multicistronic	*	+	+	+	83094-94551				-
ORF44	ORF44-S	Monocistronic-Short		-	-	+	83090-88988				-
ORF44	ORF44.5	Putative mRNA		-	-	+	83090-83510				-
ORF44	ORF44.6	Putative mRNA	*	+	-	+	83090-83961				-
ORF44	ORF44.7	Putative mRNA		-	+	+	83090-84687				-
ORF5	ORF5	Monocistronic	*	+	+	+	4391-5952				-
ORF5	ORF5-L1	Monocistronic-Long		-	-	+	4391-6509				-
ORF5	ORF5-L2	Monocistronic-Long		-	-	+	4391-6901				-
ORF5	ORF5-ORF4-PC-Canonic	Multicistronic	*	+	+	+	3635-5952				-
ORF52	ORF52	Monocistronic	*	+	+	+	93031-94747				-
ORF52	ORF52-L1	Monocistronic-Long		-	-	+	93031-95145				-
ORF52	ORF52-L2	Monocistronic-Long		-	+	+	93031-95921				-
ORF52	ORF52-L3	Monocistronic-Long		-	-	+	93031-96281				-
ORF45	ORF52-ORF51-ORF50-ORF49-ORF48-ORF44_47-ORF46-ORF45-CX-Canonic	Multicistronic	*	+	+	+	83090-94551				-
ORF52	ORF53-ORF52-CX-Canonic	Multicistronic	*	-	-	+	93031-98109				-
ORF55	ORF55	Monocistronic	*	+	+	+	99349-100462				-
ORF55	ORF55-L1	Monocistronic-Long		-	-	+	99349-101555				-
ORF56	ORF55-ORF56-PC-Canonic	Multicistronic	*	-	-	+	99349-102618				-
ORF55	ORF55-ORF56-PC-Long	Multicistronic-Long		-	-	+	99349-103717				-
ORF56	ORF56-ORF55-PC-Short	Multicistronic-Long		-	-	+	99349-102450				-
ORF59	ORF59	Monocistronic	*	+	+	+	105829-106504				-
ORF59	ORF59-L1	Monocistronic-Long		+	+	+	105829-106801				-
ORF59	ORF59-L2	Monocistronic-Long		-	-	+	105829-107059				-
ORF6	ORF6-ORF4-ORF3-ORF2-CX-Canonic	Multicistronic	*	-	+	+	1918-7400				-
ORF6	ORF6-ORF5-ORF4-PC-Canonic	Multicistronic	*	-	+	+	3635-7400				-
ORF6	ORF6-ORF5-PC-Long	Multicistronic-Long		-	+	+	4391-7535				-
ORF6	ORF6-ORF5-PC-canonic	Multicistronic	*	-	+	+	4391-7400				-
ORF60	ORF60-ORF59-PC-Canonic	Multicistronic	*	+	+	+	105829-107137				-
ORF60	ORF60-ORF59-PC-Long	Multicistronic-Long		-	+	+	105829-107726				-
ORF60	ORF60-ORF59-PC-Long-1	Multicistronic-Long		-	+	+	105829-107626				-
ORF60	ORF60-ORF59-PC-Long-2	Multicistronic-Long		-	+	+	105829-108039				-
ORF60	ORF60-ORF59-PC-Long-3	Multicistronic-Long		-	-	+	105829-107656				-
ORF61	ORF61-ORF60-ORF59-PC-Canonic	Multicistronic	*	-	+	+	105829-108317				-
ORF62	ORF62-ORF61-ORF60-ORF59-PC-Canonic	Multicistronic	*	+	+	+	105829-108732				-
ORF62	ORF62-ORF61-ORF60-ORF59-PC-Long	Multicistronic-Long		-	+	+	105829-110093				-
ORF63	ORF63	Monocistronic	*	-	+	+	110319-112033				-
ORF63	ORF63-L1	Monocistronic-Long		-	+	+	110319-112623				-
ORF64	ORF64	Monocistronic	*	-	+	+	113821-118756				-
ORF64	ORF64-L1	Monocistronic-Long		-	-	+	113821-119214				-
ORF65	ORF65.1	Putative mRNA	*	-	+	+	140709-142158				-
ORF65	ORF65.1-L1	Putative mRNA		-	+	+	140709-143088				-
ORF65	ORF65.1-S	Putative mRNA		-	+	+	140709-141860				-
ORF66	ORF66.1	Putative mRNA	*	-	+	+	139558-140335				-
ORF67	ORF67	Monocistronic	*	+	+	+	124283-125335				-
ORF74	ORF67-ORF68-ORF69-ORF70-ORF71-ORF72-ORF73-ORF74	Multicistronic		-	-	+	124289-137215				-
ORF68	ORF68-ORF67-PC-Canonic	Multicistronic	*	-	+	+	124283-126358				-
ORF68	ORF68-ORF67-PC-Long	Multicistronic-Long		-	+	+	124283-126611				-
ORF68	ORF69-ORF68-ORF67-CX-Canonic	Multicistronic	*	-	-	+	124283-127577				-
ORF68	ORF69-ORF68-ORF67-CX-Long	Multicistronic-Long		-	-	+	124283-128030				-
ORF68	ORF69-ORF68-ORF67-CX-Long-2	Multicistronic-Long		-	+	+	124283-128110				-
ORF7	ORF7-ORF6-ORF5-ORF4-PC-Canonic	Multicistronic	*	-	+	+	3635-10331				-
ORF7	ORF7-ORF6-ORF5-PC-Canonic	Multicistronic	*	-	+	+	4391-10331				-
ORF68	ORF70-ORF69-ORF68-ORF67-CX	Multicistronic		-	-	+	124283-129214				-
ORF9	ORF9	Monocistronic	*	+	-	+	11064-12260				-
ORF9	ORF9-ORF8-ORF7-ORF6-ORF5-CX-Canonic	Multicistronic	*	+	-	+	4391-12260				-
ORF65	ORF65	Spliced-transcipt		-	-	+	140709-141873	142052-143601			-
ORF9	ORF9	Spliced-transcipt		-	-	+	11064-11596	13134-13390			-
ORF65	ORF65	Spliced-transcipt		+	+	+	140709-141873	142052-142158			-
ORF65	ORF65	Spliced-transcipt		+	+	+	140709-141873	142092-142158			-
ORF65	ORF65	Spliced-transcipt		+	+	+	140709-141873	142092-142778			-
ORF65	ORF65	Spliced-transcipt		+	+	+	140709-141873	142092-143088			-
NOIR	NOIR	Spliced-transcipt		-	-	+	143303-143699	144024-144110			-
NOIR	NOIR	Spliced-transcipt		+	+	+	143303-143699	143936-144282			-
NOIR	NOIR	Spliced-transcipt		+	+	+	143303-143699	144024-144282			-
NOIR	NOIR	Spliced-transcipt		+	+	+	143411-143699	144024-144282			-
ORF9	ORF9	Spliced-transcipt		-	-	+	11064-11596	13134-13409	14815-14907		-
ORF9	ORF9	Spliced-transcipt		-	-	+	11064-13409	14815-14907			-
ORF9	ORF9	Spliced-transcipt		+	+	+	11064-11596	13134-13409	14815-15032		-
ORF65	ORF65	Spliced-transcipt		+	+	+	140709-141873	142052-142778			-
ORF65	ORF65	Spliced-transcipt		-	-	+	140709-141873	142092-143622			-
ORF44	ORF44	Spliced-transcipt		+	+	+	83090-84320	84435-84687			-
ORF44	ORF44	Spliced-transcipt		+	+	+	83090-84320	84929-85121			-
ORF44	ORF44	Spliced-transcipt		+	+	+	83090-84320	84929-87726			-
ORF44	ORF44	Spliced-transcipt		+	+	+	83090-84320	84929-87781			-
ORF44	ORF44	Spliced-transcipt		+	+	+	83090-84320	87886-88377			-
ORF44	ORF44	Spliced-transcipt		-	-	+	83090-84320	87886-88988			-
ORF44	ORF44	Spliced-transcipt		-	-	+	83090-84320	87886-89226			-
ORF44	ORF44	Spliced-transcipt		+	+	+	83090-84320	89992-90427			-
ORF44	ORF44	Spliced-transcipt		-	-	+	83090-84320	91889-92062			-
ORF44	ORF44	Spliced-transcipt		-	-	+	83090-84320	91889-92179			-
NOIR	NOIR	Spliced-transcipt		-	-	+	143303-143699	143936-144110			-
NOIR	NOIR	Spliced-transcipt		+	+	+	143411-143699	143936-144282			-
ORF9	ORF9	Spliced-transcipt		+	+	+	11064-13409	14815-15032			-
ORF65	TR_5240-ORF65.1-ORF64.1-PC-Canonic	Multicistronic	*	+	+	+	139558-141873	142092-142158			-
ORF40	TR_5972-ORF40-CTO-ORF39-ORF38-ORF37-CX-Canonic	Multicistronic	*	-	-	+	69068-76361				-
ORF18	as18-Long	Antisense-long		-	-	+	34959-35409				-
ORF18	as18-canonic	Antisense	*	-	-	+	34959-35525				-
ORF23	as23	Antisense	*	-	-	+	52040-55141				-
ORF24	as24-AT	Antisense		-	+	+	42724-43519				-
ORF24	as24-Canonic	Antisense	*	-	+	+	41728-43519				-
ORF27	as27	Antisense	*	-	-	+	61214-61815				-
ORF32	as32-Canonic	Antisense	*	-	-	+	58078-59824				-
ORF32	as32-Long1	Antisense-long		-	+	+	58078-61090				-
ORF32	as32-Long2	Antisense-long		-	+	+	58078-61257				-
ORF32	as32-Long3	Antisense-long		-	-	+	58078-61815				-
ORF32	as32-Long4	Antisense-long		-	-	+	58078-63941				-
ORF34	as34	Antisense	*	-	+	+	64367-65066				-
ORF43	as43	Antisense	*	-	-	+	81889-82583				-
ORF49	as49-48	Antisense		-	+	+	89245-90427				-
ORF54	as54	Antisense	*	-	-	+	99190-99332				-
ORF70	as70-Canonic	Antisense	*	-	+	+	127858-128110				-
ORF70	as70-Short	Antisense-short		-	-	+	127858-128030				-
ORF72	as72-AT	Antisense		-	-	+	132040-132362				-
ORF72	as72-Canonic	Antisense	*	-	-	+	131771-132362				-
ORF74	as74	Antisense	*	-	-	+	134210-135508				-
ORF9	as9	Antisense	*	-	-	+	14922-15699				-
ORF65	ncss65.1	Non-coding		-	+	+	140709-140902				-
ORF55	nct55	Non-coding	*	-	+	+	99349-99510				-
ORF65	nct65.1-Canonic	Non-coding	*	+	+	+	140709-141094				-
ORF65	nct65.1-Long	Non-coding		-	+	+	140709-141372				-
